1,,Non-Critical,ATS SPARE,ATS Cabinet Power Cords(end terminated) with max. suitable length,100299719,,105,TARGUS TECHNOLOGIES PVT LTD,Non-PAC,Nos,2711,18,2,2,0,0,2,0,0,0,0,0,2,0,2,0,0,0,0,0,0,1,
2,50255199,Non-Critical,ATS SPARE,"HPE proliant DL380 Gen.9/10 4208, 16GB RAM,300X5GB SAS HDD",100508504,,28,TARGUS TECHNOLOGIES PVT LTD,Non-PAC,Nos,543000,18,2,1,1,0,0,0,0,0,0,0,1,0,1,0,0,0,1,1,0.333333333,1,
3,,Non-Critical,ATS SPARE,KVM Adapter,100315993,,8,TARGUS TECHNOLOGIES PVT LTD,Non-PAC,Nos,NA,NA,2,2,0,0,2,0,0,0,0,0,2,0,2,0,0,0,0,0,0,1,
4,,,,KVM Adapter (ATS&DTS),,,18 (9+9),,,,,,,,,,,,,,,,,,,,,,,,,,
5,,Non-Critical,ATS SPARE,SMPS Of DL380 Gen.9,NA,,56,NA,Non-PAC,Nos,23300,18,0,0,0,0,0,0,0,0,0,0,0,5,5,0,0,0,0,0,0,1,
6,,Non-Critical,ATS SPARE,RAM Of DL380 Gen.9,NA,,54,NA,Non-PAC,Nos,5198,NA,0,0,0,0,0,0,0,0,0,0,0,10,10,0,0,0,0,0,0,1,
7,,,,RAM Of DL380 Gen.9,,,56,,,,,,,,,,,,,,,,,,,,,,,,,,
8,,Non-Critical,ATS SPARE,HDD of ATS Server 300GB 2.5 inch (DL380 Gen.9),NA,,156,NA,Non-PAC,Nos,16759,NA,0,0,0,0,0,0,0,0,0,0,0,15,15,0,0,0,0,0,0,1,
9,,Non-Critical,ATS SPARE,HDD of Report Server 900GB (DL380 Gen.9),NA,,12,NA,Non-PAC,Nos,16759,NA,0,0,0,0,0,0,0,0,0,0,0,3,3,0,0,0,0,0,0,1,
10,,Non-Critical,ATS SPARE,HP Proliant DL360 Gen.9/10 ( VDU Server),NA,,7,NA,Non-PAC,Nos,543000,18,0,0,0,0,0,0,0,0,0,0,0,1,1,0,0,0,0,0,0,1,
11,,Non-Critical,ATS SPARE,SMPS Of HP Proliant DL360 Gen.9,NA,,7,NA,Non-PAC,Nos,17400,18,0,0,0,0,0,0,0,0,0,0,0,2,2,0,0,0,0,0,0,1,
12,,Non-Critical,ATS SPARE,RAM of HP Proliant DL360  Gen.9,NA,,14,NA,Non-PAC,Nos,2049.7,NA,0,0,0,0,0,0,0,0,0,0,0,4,4,0,0,0,0,0,0,1,
13,,Non-Critical,ATS SPARE,HDD of HP Proliant DL360 Gen.9,NA,,14,NA,Non-PAC,Nos,3021.99,NA,0,0,0,0,0,0,0,0,0,0,0,5,5,0,0,0,0,0,0,1,
14,,Non-Critical,ATS SPARE,DELL PowerEdge R330 Server ( NMS Server),NA,,4,NA,Non-PAC,Nos,416400,18,0,0,0,0,0,0,0,0,0,0,0,1,1,0,0,0,0,0,0,1,
15,,Non-Critical,ATS SPARE,SMPS of DELL PowerEdge R330,NA,,8,NA,Non-PAC,Nos,18300,18,0,0,0,0,0,0,0,0,0,0,0,2,2,0,0,0,0,0,0,1,
16,,Non-Critical,ATS SPARE,RAM of DELL PowerEdge R330,NA,,8,NA,Non-PAC,Nos,5198,NA,0,0,0,0,0,0,0,0,0,0,0,4,4,0,0,0,0,0,0,1,
17,,Non-Critical,ATS SPARE,HDD of DELL PowerEdge R330,NA,,4,NA,Non-PAC,Nos,7398,NA,0,0,0,0,0,0,0,0,0,0,0,3,3,0,0,0,0,0,0,1,
18,,Non-Critical,ATS SPARE,HP Z240 Workstation,NA,,85,NA,Non-PAC,Nos,79400,18,0,0,0,0,0,0,0,0,0,0,0,20,20,0,0,0,0,0,0,1,
19,,Non-Critical,ATS SPARE,SMPS Of HP Z240,NA,,152,NA,Non-PAC,Nos,11400,18,0,0,0,0,0,0,0,0,0,0,0,10,10,0,0,1,0,1,0.333333333,1,
20,,Non-Critical,ATS SPARE,RAM Of HP Z240,NA,,304,NA,Non-PAC,Nos,1318.24,NA,0,0,0,0,0,0,0,0,0,0,0,30,30,0,0,0,0,0,0,1,
21,,Non-Critical,ATS SPARE,HDD Of HPZ240 ( 500 GB),NA,,152,NA,Non-PAC,Nos,2400,NA,0,0,0,0,0,0,0,0,0,0,0,20,20,0,0,0,0,0,0,1,
22,,Non-Critical,ATS SPARE,GRAPHIC CARD of HPZ240,NA,,152,NA,Non-PAC,Nos,1800,18,0,0,0,0,0,0,0,0,0,0,0,5,5,0,0,0,0,0,0,1,
23,,Non-Critical,ATS SPARE,LAN CARD Of HP Z240,NA,,152,NA,Non-PAC,Nos,8800,18,0,0,0,0,0,0,0,0,0,0,0,5,5,0,0,0,0,0,0,1,
24,,Non-Critical,ATS SPARE,Complete KVM Unit of ATS Cubicle,NA,,10,NA,Non-PAC,Nos,240000,18,0,0,0,0,0,0,0,0,0,0,0,2,2,0,0,0,1,1,0.333333333,1,
25,,,,Complete KVM Unit of ATS Cubicle,,,9,,,,,,,,,,,,,,,,,,,,,,,,,,
26,,,,Complete KVM Unit of DTS Cubicle,,,9,,,,,,,,,,,,,,,,,,,,,,,,,,
27,,Non-Critical,CBI CABINET,Complete KVM unit of  CBI/RATO Cubicle,NA,,14,NA,Non-PAC,Nos,133995,NA,0,0,0,0,0,0,0,0,0,0,0,1,1,0,0,0,0,0,0,1,
28,,Critical,ATS SPARE,CISCO CATALYST 3560 V2 SERIES,NA,,4,NA,Non-PAC,Nos,147000,18,0,0,0,0,0,0,0,0,0,0,0,1,1,0,0,0,0,0,0,1,
29,,Critical,ATS SPARE,Hirschmann/M-XFP-LR-LC M4000 Switch,404P126H56,,18,NA,Non-PAC,Nos,894600,18,1,0,1,0,0,0,0,0,0,0,0,1,1,0,0,0,0,0,0,1,
30,,Critical,ATS SPARE,SMPS of Hirshmann Mach4002 Switch,NA,,18,NA,Non-PAC,Nos,151200,18,0,0,0,0,0,0,0,0,0,0,0,1,1,0,0,0,0,0,0,1,
31,,Critical,ATS SPARE,SFP of Hirschmann MACH4002 Switch(RED),NA,,NA,NA,Non-PAC,Nos,48300,18,0,0,0,0,0,0,0,0,0,0,0,1,1,0,0,0,0,0,0,1,
32,,Critical,ATS SPARE,SFP of Hirschmann MACH4002 Switch(White),NA,,NA,NA,Non-PAC,Nos,64200,18,0,0,0,0,0,0,0,0,0,0,0,1,1,0,0,0,0,0,0,1,
33,,Critical,ATS SPARE,FIREWALL CISCO ASA 5520 series(Adaptive Security Appliance) 4GE SSM ,NA,,4,NA,Non-PAC,Nos,236700,18,1,0,1,0,0,0,0,0,0,0,0,1,1,0,0,0,0,0,0,1,
34,,Critical,ATS SPARE,"CISCO CATALYST 3650 V2 SERIES 48, 4 X SFP Switch",100245637,,4,Industrial trade linkers,Non-PAC,Nos,196200,18,1,0,1,0,0,0,0,0,0,0,0,1,1,0,0,0,0,0,0,1,
35,,Non-Critical,ATS SPARE,Monitor LCD (21.5 inches),100349518,,172,TARGUS TECHNOLOGIES PVT LTD,Non-PAC,Nos,9461,NA ,0,0,0,0,0,0,0,0,0,0,0,20,20,0,0,0,0,0,0,1,
36,,Non-Critical,ATS SPARE,Monitor LCD (32 or 31.5 inches),100349518,,3,TARGUS TECHNOLOGIES PVT LTD,Non-PAC,Nos,23500,NA,0,0,0,0,0,0,0,0,0,0,0,4,4,0,0,0,0,0,0,1,
37,,Critical,SIGNAL,Route Indicator,100278678,,72,RT VISION TECHNOLOGIES PVT. LTD.,Non-PAC,Nos,45000,18,0,0,0,0,0,0,0,0,0,0,0,15,15,0,2,0,0,2,0.666666667,1,
38,,Critical,SIGNAL,LED UNIT (voilet),100250016,,132,RT VISION TECHNOLOGIES PVT. LTD.,Non-PAC,Nos,7950,18,0,0,0,0,0,0,0,0,0,0,0,10,10,0,1,0,0,1,0.333333333,1,
39,,Critical,SIGNAL,LED UNIT (green),100250016,,132,RT VISION TECHNOLOGIES PVT. LTD.,Non-PAC,Nos,7950,18,0,0,0,0,0,0,0,0,0,0,0,10,10,0,0,0,0,0,0,1,
40,,Critical,SIGNAL,LED UNIT (red),100250016,,211,RT VISION TECHNOLOGIES PVT. LTD.,Non-PAC,Nos,7000,18,0,0,0,0,0,0,0,0,0,0,0,30,30,0,0,0,0,0,0,1,
41,,Critical,SIGNAL,LED UNIT (voilet) Underground,100250017,,27,RT VISION TECHNOLOGIES PVT. LTD.,Non-PAC,Nos,7000,18,0,0,0,0,0,0,0,0,0,0,0,5,5,0,0,0,0,0,0,1,
42,,Critical,SIGNAL,LED UNIT (green) Underground,100250017,,27,RT VISION TECHNOLOGIES PVT. LTD.,Non-PAC,Nos,6000,18,0,0,0,0,0,0,0,0,0,0,0,5,5,0,0,0,0,0,0,1,
43,,Critical,SIGNAL,LED UNIT (red) Underground,100250017,,29,RT VISION TECHNOLOGIES PVT. LTD.,Non-PAC,Nos,5500,18,0,0,0,0,0,0,0,0,0,0,0,10,10,0,0,0,0,0,0,1,
44,,Critical,SIGNAL,SHUNT SIGNAL,100250020,,124,RT VISION TECHNOLOGIES PVT. LTD.,Non-PAC,Nos,5500,18,0,0,0,0,0,0,0,0,0,0,0,50,50,0,0,0,0,0,0,1,
45,,Non-Critical,POWER DISTRIBUTION CUBICLE SPARE,EFR Relay,NA,,NA,NA,Non-PAC,Nos,2400,18,0,0,0,0,0,0,0,0,0,0,0,10,10,0,0,0,0,0,0,1,
46,,Non-Critical,SIGNAL,Indicator Lamp(Green),100442453,,660,PYROTECH ELECTRONICS PVT. LTD.,Non-PAC,Nos,143.99,NA,0,0,0,0,0,0,0,0,0,0,0,200,200,0,0,0,0,0,0,1,
47,,Non-Critical,SIGNAL,Indicator Lamp(RED),100442450,,113,PYROTECH ELECTRONICS PVT. LTD.,Non-PAC,Nos,285,18,0,0,0,0,0,0,0,0,0,0,0,30,30,0,0,0,0,0,0,1,
48,,Non-Critical,SIGNAL,Indicator Lamp(YELLOW),100442451,,113,PYROTECH ELECTRONICS PVT. LTD.,Non-PAC,Nos,166.5,NA,0,0,0,0,0,0,0,0,0,0,0,30,30,0,0,0,0,0,0,1,
49,,Non-Critical,SIGNAL,Indicator Lamp(BLUE),100442452,,113,PYROTECH ELECTRONICS PVT. LTD.,Non-PAC,Nos,200,NA,0,0,0,0,0,0,0,0,0,0,0,40,40,0,0,0,0,0,0,1,
50,,Non-Critical,CBI CABINET,Fan of cubicle fan unit,100277029/100439735,,NA,PLexus Manufacturing Sdn. Bhd,Non-PAC,Nos,4800,18,0,0,0,0,0,0,0,0,0,0,0,10,10,0,0,0,0,0,0,1,
51,,Critical,PSDIC CABINET,PLC WAGO Pvt. Ltd.,NA,,83,NA,Non-PAC,Nos,38250,18,0,0,0,0,0,0,0,0,0,0,0,1,1,0,0,0,0,0,0,1,
52,,Critical,PSDIC CABINET,PLC SUPPLY WAGO Pvt. Ltd.,NA,,83,NA,Non-PAC,Nos,27260,18,0,0,0,0,0,0,0,0,0,0,0,1,1,0,0,0,0,0,0,1,
53,,Non-Critical,POWER DISTRIBUTION CUBICLE SPARE,"MCCB 25A 4P,400V",100442454,,48,PYROTECH ELECTRONICS PVT. LTD.,Non-PAC,Nos,6927.82,NA,0,0,0,0,0,0,0,0,0,0,0,3,3,0,0,0,0,0,0,1,
54,,Non-Critical,POWER DISTRIBUTION CUBICLE SPARE,"25A, 3P MCB",100442455,,74,PYROTECH ELECTRONICS PVT. LTD.,Non-PAC,Nos,637,NA,0,0,0,0,0,0,0,0,0,0,0,5,5,0,0,0,0,0,0,1,
55,,Non-Critical,POWER DISTRIBUTION CUBICLE SPARE,"25A, 2P MCB",100442456,,747,PYROTECH ELECTRONICS PVT. LTD.,Non-PAC,Nos,440,NA,0,0,0,0,0,0,0,0,0,0,0,5,5,0,0,0,0,0,0,1,
56,,Non-Critical,POWER DISTRIBUTION CUBICLE SPARE,"MCCB 100A, 415V, 50Hz, with",NA,,NA,NA,Non-PAC,Nos,6549.49,NA,0,0,0,0,0,0,0,0,0,0,0,5,5,0,0,0,0,0,0,1,
57,,Non-Critical,POWER DISTRIBUTION CUBICLE SPARE,10 A DP MCB,NA,,NA,NA,Non-PAC,Nos,390,NA,0,0,0,0,0,0,0,0,0,0,0,10,10,0,0,0,0,0,0,1,
58,,Non-Critical,POWER DISTRIBUTION CUBICLE SPARE,"63A,4P MCCB",NA,,NA,NA,Non-PAC,Nos,3630,NA,0,0,0,0,0,0,0,0,0,0,0,5,5,0,0,0,0,0,0,1,
59,,Non-Critical,POWER DISTRIBUTION CUBICLE SPARE,"Aux Contact, 1NO+1 NC",NA,,NA,NA,Non-PAC,Nos,820,18,0,0,0,0,0,0,0,0,0,0,0,15,15,0,0,0,0,0,0,1,
60,,Non-Critical,POWER DISTRIBUTION CUBICLE SPARE,"16A, 3P MCB",NA,,14,NA,Non-PAC,Nos,490,NA,0,0,0,0,0,0,0,0,0,0,0,5,5,0,0,0,0,0,0,1,
61,,Non-Critical,POWER DISTRIBUTION CUBICLE SPARE,"16A,DP MCB",NA,,NA,NA,Non-PAC,Nos,390,NA,0,0,0,0,0,0,0,0,0,0,0,5,5,0,0,0,0,0,0,1,
62,,Non-Critical,POWER DISTRIBUTION CUBICLE SPARE,Ferrule 22/20 AWG,NA,,NA,NA,Non-PAC,Nos,875,18,0,0,0,0,0,0,0,0,0,0,0,10,10,0,0,0,0,0,0,1,
63,,Non-Critical,ATS SPARE,fiber Patch Chord(LC-LC) 40 mtr,100278842,,NA,HM TRADERS,Non-PAC,MTR,4899.99,NA,5,5,0,0,2,1,1,1,0,0,5,5,10,0,0,0,0,0,0,1,
64,,Non-Critical,ATS SPARE,fiber Patch Chord(LC-LC) 20 mtr,NA,,NA,NA,Non-PAC,MTR,280,NA,0,0,0,0,0,0,0,0,0,0,0,5,5,0,0,0,0,0,0,1,
65,,Non-Critical,ATS SPARE,fiber Patch Chord(LC-LC)10 mtr,100278842,,NA,HM TRADERS,Non-PAC,MTR,200,NA,32,3,29,0,2,0,0,0,0,0,2,5,7,0,0,0,0,0,0,1,01 nos. issued to MKPD on 01.06.2022
66,,Non-Critical,ATS SPARE,KVM Cable,100200556,,NA,TARGUS TECHNOLOGIES PVT LTD,Non-PAC,Nos,NA,NA,4,4,0,0,4,0,0,0,0,0,4,0,4,0,0,0,0,0,0,1,
67,,Non-Critical,ATS SPARE,KVM MODEL (DEPOT),NA,,NA,NA,Non-PAC,Nos,NA,NA,1,0,1,0,0,0,0,0,0,0,0,0,0,0,0,0,0,0,0,1,
68,,Non-Critical,ATS SPARE,L-Com 12 Port Surge Panel (ESP),409P034140,,NA,Plexus Manufacturing Sdn. Bhd,Non-PAC,Nos,NA,NA,2,1,1,0,1,0,0,0,0,0,1,0,1,0,0,0,0,0,0,1,
69,,Non-Critical,ATS SPARE,MCB 16 A,100298328,,NA, INDUSTRIAL TRADE LINKERS,Non-PAC,Nos,3734,18,2,0,2,0,0,0,0,0,0,0,0,0,0,0,0,0,0,0,0,1,
70,,Non-Critical,ATS SPARE,P9Q37A PDU socket,100441255,,NA,TARGUS TECHNOLOGIES PVT LTD,Non-PAC,Nos,NA,NA,2,2,0,0,2,0,0,0,0,0,2,0,2,0,0,0,0,0,0,1,
71,,Non-Critical,ATS SPARE,"Paper Tray (A4 laserjet printer,Pro color M251n-CF146A#B19)",100285108,,NA,TARGUS TECHNOLOGIES PVT LTD,Non-PAC,Nos,NA,NA,2,2,0,0,2,0,0,0,0,0,2,0,2,0,0,0,0,0,0,1,
72,,Non-Critical,ATS SPARE,Power strip 6 socket,100307792,,NA,HM TRADERS,Non-PAC,Nos,NA,NA,2,2,0,0,2,0,0,0,0,0,2,0,2,0,0,0,0,0,0,1,
73,,Non-Critical,ATS SPARE,PSU 1&2 (TBD) AT VND,NA,,NA,NA,Non-PAC,Nos,NA,NA,0,0,0,0,0,0,0,0,0,0,0,0,0,0,0,0,0,0,0,1,
74,,Non-Critical,ATS SPARE,RAM 16GB ,NA,,NA,NA,Non-PAC,Nos,NA,NA,0,0,0,0,0,0,0,0,0,0,0,0,0,0,0,0,0,0,0,1,
75,,Non-Critical,ATS SPARE,RAM 4GB ,NA,,NA,NA,Non-PAC,Nos,NA,NA,0,0,0,0,0,0,0,0,0,0,0,0,0,0,0,0,0,0,0,1,
76,,Non-Critical,ATS SPARE,RJ45 connector,100277560,,NA,TARGUS TECHNOLOGIES PVT LTD,Non-PAC,Nos,1123,18,202,202,0,0,202,0,0,0,0,0,202,0,202,0,0,0,0,0,0,1,
77,,Non-Critical,ATS SPARE,VDU SERVER,100285095,,7,NA,Non-PAC,Nos,NA,NA,0,0,0,0,0,0,0,0,0,0,0,0,0,0,0,0,0,0,0,1,
78,,Non-Critical,AXLE COUNTER SPARE,CAN bus termination resistor (120 ohm),100332879,,NA,WAGO PRIVATE LIMITED,Non-PAC,Nos,31,18,100,0,100,0,0,0,0,0,0,0,0,0,0,0,0,0,0,0,0,1,
79,50117002,Critical,AXLE COUNTER SPARE,"Wheel Detector head ( Axle counter head with TX,RX)",EFM-2405,,701,Bombardier Transportation,PAC,Nos,NA,NA,70,15,55,15,0,0,0,0,0,0,15,0,15,0,0,0,0,0,0,1,
80,50117003,Non-Critical,AXLE COUNTER SPARE,Head Clamp (UIO 60),ELP-80/1,,42,,Non-PAC,Nos,359520,18,70,10,60,10,0,0,0,0,0,0,10,0,10,0,0,0,0,0,0,1,
81,,Non-Critical,CABLES,1CX 50.0 SQMM FL.CU.U/A FRLSZH CABLE ( Kept at VND),100263975,,NA,CORDS CABLE INDUSTRIES LIMITED,Non-PAC,MTR,NA,NA,1020,1020,0,0,1020,0,0,0,0,0,1020,0,1020,0,0,0,0,0,0,1,
82,,Non-Critical,CABLES,1CX 70.0 SQMM (ABC) LSZH CABLE ( Kept at VND),100263972,,NA,CORDS CABLE INDUSTRIES LIMITED,Non-PAC,MTR,NA,NA,1043,1043,0,0,1043,0,0,0,0,0,1043,0,1043,0,0,0,0,0,0,1,
83,,Non-Critical,CABLES,4CX 1.50 sqmm (ABC) XLPE ARMD LSZH FS Cable ( Kept at VND),100263938,,NA,CORDS CABLE INDUSTRIES LIMITED,Non-PAC,MTR,NA,NA,1003,1003,0,0,1003,0,0,0,0,0,1003,0,1003,0,0,0,0,0,0,1,
84,50307004,Non-Critical,Cables used in DTS station Cabinet Assembly (one Each station x 33) OR ATS Spare OR PSDIC Cabinet,CAT 5 cables,100277559,,NA,TARGUS TECHNOLOGIES PVT LTD,Non-PAC,MTR,242.25,18,500,500,0,500,0,0,0,0,0,0,500,0,500,0,0,0,0,0,0,1,
85,50207001,Non-Critical,CBI CABINET,APB,100267769,,1, JYOTI CONTROLS & SWITCHGEAR,Non-PAC,Nos,57120,18,1,1,0,1,0,0,0,0,0,0,1,0,1,0,0,0,0,0,0,1,
86,,Non-Critical,CBI CABINET,"Circuit breaker 2P, 10A",3EST000211-7298,,NA, INDUSTRIAL TRADE LINKERS,Non-PAC,Nos,6395,18,3,3,0,0,3,0,0,0,0,0,3,0,3,0,0,0,0,0,0,1,
87,50207003,Critical,CBI CABINET,SPK,100267771,,76,HORIZON INDUSTRIAL PRODUCTS,PAC,Nos,113925,18,8,8,0,8,0,0,0,0,0,0,8,0,8,0,0,0,0,0,0,1,
88,,Non-Critical,CBI CABINET ,Din Rail NS 35/ 7 5 UNPERF 2000MM,100439741,,NA,Phoenix Contact India Pvt. Ltd.,Non-PAC,Nos,1994,18,3,3,0,0,3,0,0,0,0,0,3,0,3,0,0,0,0,0,0,1,
89,50205138,Critical,CBI CABINET  OR OBJECT CONTROLLER CABINET,ESP ( Emergency stop plunger),100250029,,168, JYOTI CONTROLS & SWITCHGEAR,Non-PAC,Nos,34300,18,17,17,0,10,3,0,0,0,0,0,13,0,13,0,0,0,0,0,0,1,"02 no. issued to RG & MKPR on 29-06-2022.
01  no. issued to IP Ext. on 26-12-2022 & 01 no. issued  to FLS MKPR on 26-12-2022"
90,,Critical,CBI CABINET  OR OBJECT CONTROLLER CABINET,FSW,3NSS011662-02,FSW,75,Zollner Elektronik AG,PAC,,,,5,1,4,0,0,0,0,0,0,0,0,0,0,0,0,0,1,1,0.333333333,1,01 nos. issued to VND on 01.11.2022
91,50200091,Critical,CBI CABINET  OR OBJECT CONTROLLER CABINET,PSU 422,"3NSS006952-02
",,92,Zollner Elektronik ,PAC,Nos,30198,18,15,15,0,12,0,1,1,1,0,0,15,0,15,0,0,0,0,0,0,1,
92,,Non-Critical,CBI CABINET OR RATC CABINET,FAN Unit,100277029,,NA,Plexus Manufacturing Sdn. Bhd,Non-PAC,Nos,16656,18,2,2,0,0,2,0,0,0,0,0,2,0,2,0,0,0,0,0,0,1,
93,50355148,Non-Critical,CBI CABINET OR RATC CABINET,Monitor 17 with KVM Switch,404P829150,,9,Plexus Manufacturing Sdn. Bhd,Non-PAC,Nos,954831,18,1,1,0,1,0,0,0,0,0,0,1,0,1,0,0,0,1,1,0.333333333,1,
94,50355145,Critical,CBI CABINET OR RATC CABINET,RATO Cradle,3018101G02,,10,Bombardier Transportation,PAC,Nos,8313211,18,1,1,0,1,0,0,0,0,0,0,1,0,1,0,0,2,0,2,0.666666667,1,
95,,Critical,CBI CABINET OR RATC CABINET,VCS_N(VITAL COMPUTER SYSTEM),"3NSS010404-01
3NSS010571-01",IPUC,"CBI 20
RATC 20",KONTRON MODULAR COMPUTERS,PAC,Nos,6681040,18,4,2,2,0,2,0,0,0,0,0,2,0,2,0,0,0,0,0,0,1,
96,50255193,Critical,"CCTV Assembly (525 ele 306, ug 219)",ANTENNA HELICAL 16 Degree,100248674,,612,Antenna Products Corp.,PAC,Nos,223649,18,62,62,0,58,0,0,1,1,0,0,60,0,60,0,0,0,0,0,0,1,02 no. issued to L-7A section on 16/09/22
97,,Critical,"CCTV Assembly onboard  (525 ele 306, ug 219)",CCTV Antenna ( Onboard),100241547,,204,Antenna Products Corp.,PAC,Nos,,,21,18,3,0,18,0,0,0,0,0,18,0,18,0,0,0,0,0,0,1,
98,,Non-Critical,"CCTV Assembly (525 ele 306, ug 219)",CCTV antenna mounting bracket in tunnel,100275913,,219, JYOTI CONTROLS & SWITCHGEAR,Non-PAC,SET,4183,18,3,3,0,0,2,0,1,0,0,0,3,0,3,0,0,0,0,0,0,1,
99,,Non-Critical,"CCTV Assembly (525 ele 306, ug 219)",CCTV KEYBOARD ( To be included in EAC),NA,,NA,NA,Non-PAC,,NA,NA,0,0,0,0,0,0,0,0,0,0,0,0,0,0,1,0,0,1,0.333333333,1,
100,,Non-Critical,"CCTV Assembly (525 ele 306, ug 219)",CCTV MONITOR,100285104,,NA,NA,Non-PAC,,NA,NA,1,0,1,0,0,0,0,0,0,0,0,0,0,0,0,0,0,0,0,1,
101,,Non-Critical,"CCTV Assembly (525 ele 306, ug 219)",CCTV MOUSE ( To be included in EAC),NA,,NA,NA,Non-PAC,,NA,NA,0,0,0,0,0,0,0,0,0,0,0,0,0,0,1,0,0,1,0.333333333,1,
102,,Non-Critical,"CCTV Assembly (525 ele 306, ug 219)",CCTV WKS.,NA,,17,NA,Non-PAC,,NA,NA,0,0,0,0,0,0,0,0,0,0,0,0,0,0,0,0,0,0,0,1,
103,,Non-Critical,"CCTV Assembly (525 ele 306, ug 219)",fiber optic patch cords ,100267051,,NA,Huber+Suhner (Singapore) Pte.Ltd.,Non-PAC,Nos,NA,NA,3,3,0,0,3,0,0,0,0,0,3,0,3,0,0,0,0,0,0,1,
104,,Critical,"CCTV Assembly (525 ele 306, ug 219)",LOS CCTV,NA,,204,NA,PAC,,NA,NA,21,0,21,0,0,0,0,0,0,0,0,0,0,0,0,0,0,0,0,1,
105,50255198,Critical,"CCTV Assembly (525 ele 306, ug 219)",Mobile Data Radio for CCTV antenna AWK-4121,100241415,,104,Moxa Inc.,PAC,Nos,546000,18,11,4,7,3,0,0,0,0,0,0,3,0,3,1,0,0,0,0,0,1,
106,50255197,Critical,"CCTV Assembly (525 ele 306, ug 219)",WAC Controller,100241130,,7,Moxa Inc.,PAC,Nos,5627294,18,1,1,0,0,0,1,0,0,0,0,1,0,1,0,0,0,0,0,0,1,
107,50407001,Non-Critical,"CCTV Assembly (525 ele 306, ug 219) or onboard or WNRA Assembly (315, 206 Ele, 109 UG)",Coaxial N type male connector (Straight) For radio side,404P373H50,,NA, INDUSTRIAL TRADE LINKERS,Non-PAC,Nos,9800,18,231,623,-392,600,5,4,10,4,0,0,623,0,623,0,0,0,0,0,0,1,
108,,Critical,"CCTV Assembly (525 ele 306, ug 219) or onboard or WNRA Assembly (315, 206 Ele, 109 UG)",Mobile Data Radio,409P191269,,208, AFAR COMMUNICATIONS,PAC,Nos,1138778,18,52,52,0,0,49,0,0,0,0,0,49,0,49,2,0,1,1,2,0.666666667,1,01 nos. issued to MKPD on 23/01/2023
109,50907010,Non-Critical,"CCTV Assembly (525 ele 306, ug 219) OR WNRA Assembly (315, 206 Ele, 109 UG)",UCAO splice enclosures,409P191249,,764,"Masstron (Thailand) Co., Ltd.",Non-PAC,Nos,3480,18,2,32,-30,30,2,0,0,0,0,0,32,0,32,0,0,0,0,0,0,1,
110,,Non-Critical,"Onboard/CCTV Assembly (525 ele 306, ug 220)",DC block,100277537,,1050,Moxa Inc.,Non-PAC,Nos,23308,18,105,105,0,0,74,10,10,10,0,0,104,0,104,0,0,0,1,1,0.333333333,1,01 no. issued to MKPD on 23/03/22
111,,Non-Critical,"CCTV Assembly (525 ele 306, ug 221)",power cable connector for CCTV,100262245,,1050,Moxa Inc.,Non-PAC,Nos,37737,18,53,62,-9,0,47,5,5,5,0,0,62,0,62,0,0,0,0,0,0,1,
112,,Critical,DTS core/master cabinet Assembly (one Each IXL station x 7+2),"10Gigabit SFPs Module, 10m to 40Km with 9/125 single mode fiber",404P126H64,,9,element14 India Pvt. Ltd.,PAC,Nos,2575119,18,1,0,1,0,0,0,0,0,0,0,0,0,0,0,0,0,0,0,0,1,
113,,Critical,DTS core/master cabinet Assembly (one Each IXL station x 7+2),"10Gigabit SFPs Module, 2m to 10Km with 9/125 single mode fiber",404P126H57,,27,element14 India Pvt. Ltd.,PAC,Nos,864901,18,3,3,0,0,1,0,0,0,0,0,1,0,1,0,0,0,0,0,0,1,
114,50255196,Non-Critical,DTS core/master cabinet Assembly (one Each IXL station x 7+2),AC power distribution 1&2 ( for core switch),404P112107,,18,"Masstron (Thailand) Co., Ltd.",Non-PAC,Nos,15205904,18,2,2,0,2,0,0,0,0,0,0,2,0,2,0,0,0,0,0,0,1,
115,50255195,Critical,DTS core/master cabinet Assembly (one Each IXL station x 7+2),Core switch redundant power supply,409P197142,,9,"Masstron (Thailand) Co., Ltd.",Non-PAC,Nos,12764080,18,1,1,0,1,0,0,0,0,0,0,1,0,1,0,0,0,0,0,0,1,
116,,Non-Critical,DTS core/master cabinet Assembly (one Each IXL station x 7+2),ESP (ethernet surge protection) module 1&2,409P034H61,,18,Plexus Manufacturing Sdn. Bhd,Non-PAC,Nos,149451,18,2,2,0,0,2,0,0,0,0,0,2,0,2,0,0,0,0,0,0,1,
117,,Critical,DTS core/master cabinet Assembly (one Each IXL station x 7+2),LC/PC-LC/PC duplex SM 9/125 (40 m),100278842,,NA,HM TRADERS,Non-PAC,Nos,29583,18,17,3,14,0,3,0,0,0,0,0,3,0,3,0,0,0,0,0,0,1,
118,,Critical,DTS core/master cabinet Assembly (one Each IXL station x 7+2),M 4000 ethernet media card,409P199292,,18,"Masstron (Thailand) Co., Ltd.",PAC,Nos,739601,18,2,2,0,0,2,0,0,0,0,0,2,0,2,0,0,0,0,0,0,1,
119,,Critical,DTS core/master cabinet Assembly (one Each IXL station x 7+2),M4000 SFP 100MBPS MEDIA CARD ,409P199293,,18,"Masstron (Thailand) Co., Ltd.",PAC,Nos,9850540,18,2,2,0,0,0,0,0,0,0,0,0,0,0,0,0,0,0,0,0,1,01 no. issued to MKPR on 31.10.2022 & 01 no. issued to IP Ext. on 13.01.2023
120,50255194,Critical,DTS core/master cabinet Assembly (one Each IXL station x 7+2),Switch M1000,100249104,,9,"Masstron (Thailand) Co., Ltd.",PAC,Nos,57199727,18,2,2,0,2,2,0,0,0,0,0,4,1,5,0,0,0,0,0,0,1,
121,,Critical,DTS station Cabinet Assembly (one Each station x 33 ),SFP 1000 Base LX/LC for switch 1&2 ( for RS30 switch),4091P99195,,132,Plexus Manufacturing Sdn. Bhd,PAC,Nos,NA,NA,13,13,0,0,12,0,0,0,0,0,12,0,12,0,0,0,0,0,0,1,01 no. issued to L-7A section on 04.01.2023
122,,Critical,DTS station Cabinet Assembly (one Each station x 33 ),48V DC Power Supply,409P119146,,66,Phoenix Contact India Pvt. Ltd.,Non-PAC,Nos,144809,18,7,7,0,0,4,1,1,1,0,0,7,0,7,3,0,0,0,0,0,1,
123,,Critical,DTS station Cabinet Assembly (one Each station x 33 ),fiber patch cords for SW1 and SW2 (TXRXpair),100136945,,66,"MERIDIAN INFOTECH LTD,",Non-PAC,Nos,11239,18,3,3,0,0,3,0,0,0,0,0,3,0,3,0,0,0,0,0,0,1,
124,,Non-Critical,DTS station Cabinet Assembly (one Each station x 33 ),FOPP splicing Tray,100296541,,66,"Masstron (Thailand) Co., Ltd.",Non-PAC,Nos,94672,18,1,1,0,0,1,0,0,0,0,0,1,0,1,0,0,0,0,0,0,1,
125,,Critical,DTS station Cabinet Assembly (one Each station x 33 ),RS 30 SWITCH,100241582,,33,"Masstron (Thailand) Co., Ltd.",PAC,Nos,32470710,18,7,6,1,0,3,1,1,1,0,0,6,0,6,2,0,0,0,0,0,1,
126,,Non-Critical,DTS station Cabinet Assembly (one Each station x 33 ),Terminal Block 3 carier cage,409P236H83,,198,WAGO Private Limited,Non-PAC,Nos,376,18,10,10,0,0,4,2,2,2,0,0,10,0,10,0,0,0,0,0,0,1,
127,,Non-Critical,DTS station Cabinet Assembly (one Each station x 33 ),Terminal Block 3 thru cage,409P236H80,,99,WAGO Private Limited,Non-PAC,Nos,238,18,10,10,0,0,4,2,2,2,0,0,10,0,10,0,0,0,0,0,0,1,
128,,Non-Critical,DTS station Cabinet Assembly (one Each station x 33 ),TERMINAL BLOCK 4 CONDUCTOR TB1,409P188144,,33,WAGO Private Limited,Non-PAC,Nos,1203,18,4,0,4,0,0,1,1,1,0,0,3,0,3,0,0,0,0,0,0,1,
129,,Non-Critical,DTS station Cabinet Assembly (one Each station x 33 ),TERMINAL BLOCK 4 CONDUCTOR TB2,404P784H20,,33,WAGO Private Limited,Non-PAC,Nos,177,18,4,0,4,0,0,1,1,1,0,0,3,0,3,0,0,0,0,0,0,1,
130,50257001,Non-Critical,DTS station Cabinet Assembly (one Each station x 33 ) OR DTS core/master cabinet Assembly (one Each IXL station x 7+2),Station Fiber Enclosure,409P191207,,66,"Masstron (Thailand) Co., Ltd.",Non-PAC,Nos,166950,18,14,14,0,14,0,0,0,0,0,0,14,0,14,0,0,0,0,0,0,1,
131,,Non-Critical,GLANDS,"CABLE GLAND, M16X1.5 BLACK",1209160150,,NA,NA,Non-PAC,Nos,356,18,25,25,0,0,25,0,0,0,0,0,25,0,25,0,0,0,0,0,0,1,
132,,Non-Critical,GLANDS,"CABLE GLAND M40X1.5, BLACK",1209400150,,NA,NA,Non-PAC,Nos,3765,18,25,25,0,0,25,0,0,0,0,0,25,0,25,0,0,0,0,0,0,1,
133,,Non-Critical,GLANDS,"CABLE GLAND M50X1.5, BLACK",1209500150,,NA,NA,Non-PAC,Nos,6296,18,25,25,0,0,25,0,0,0,0,0,25,0,25,0,0,0,0,0,0,1,
134,,Non-Critical,GLANDS,"CABLE GLAND, M25X1.5 BLACK",1209250150,,NA,NA,Non-PAC,Nos,528,18,25,25,0,0,25,0,0,0,0,0,25,0,25,0,0,0,0,0,0,1,
135,,Non-Critical,GLANDS,"CABLE GLAND, M32X1.5, BLACK",1209320150,,NA,NA,Non-PAC,Nos,1038,18,25,25,0,0,25,0,0,0,0,0,25,0,25,0,0,0,0,0,0,1,
136,,Non-Critical,GLANDS,"DOME PLUG, M32X1.5, BLACK",1251320150,,NA,NA,Non-PAC,Nos,226,18,25,25,0,0,25,0,0,0,0,0,25,0,25,0,0,0,0,0,0,1,
137,,Non-Critical,GLANDS,"LOCK NUT, M16X1.5, BLACK",1262160150,,NA,NA,Non-PAC,Nos,40,18,25,25,0,0,25,0,0,0,0,0,25,0,25,0,0,0,0,0,0,1,
138,,Non-Critical,GLANDS,"LOCK NUT, M25X1.5 BLACK",1262250150,,NA,NA,Non-PAC,Nos,105,18,25,25,0,0,25,0,0,0,0,0,25,0,25,0,0,0,0,0,0,1,
139,,Non-Critical,GLANDS,"LOCK NUT, M32, BLACK",1262320150,,NA,NA,Non-PAC,Nos,242,18,25,25,0,0,25,0,0,0,0,0,25,0,25,0,0,0,0,0,0,1,
140,,Non-Critical,GLANDS,"LOCK NUT, M40, BLACK",1262400150,,NA,NA,Non-PAC,Nos,458,18,25,25,0,0,25,0,0,0,0,0,25,0,25,0,0,0,0,0,0,1,
141,,Non-Critical,GLANDS,"LOCK NUT, M50, BLACK",1262500150,,NA,NA,Non-PAC,Nos,526,18,25,25,0,0,25,0,0,0,0,0,25,0,25,0,0,0,0,0,0,1,
142,,Non-Critical,GLANDS,M16X1.5 BLACK PLUGS V-FS,1251160150,,NA,NA,Non-PAC,Nos,154,18,25,25,0,0,25,0,0,0,0,0,25,0,25,0,0,0,0,0,0,1,
143,,Non-Critical,GLANDS,"SM NIPPLE, PG 16 BLACK",100278565,,NA,NA,Non-PAC,Nos,564,18,25,25,0,0,25,0,0,0,0,0,25,0,25,0,0,0,0,0,0,1,
144,,Non-Critical,GLANDS,THREADED DOME PLUG M40X1.5,1255400150,,NA,NA,Non-PAC,Nos,734,18,25,25,0,0,25,0,0,0,0,0,25,0,25,0,0,0,0,0,0,1,
145,,Non-Critical,MARKER BOARD SPARE,ATC Begin Board,100250033,,19,HORIZON INDUSTRIAL PRODUCTS,Non-PAC,Nos,NA,NA,2,2,0,2,0,0,0,0,0,0,2,0,2,0,0,0,0,0,0,1,
146,,Non-Critical,MARKER BOARD SPARE,ATC End Board,100267782,,19,"HORIZON INDUSTRIAL PRODUCTS
",Non-PAC,Nos,NA,NA,2,2,0,2,0,0,0,0,0,0,2,0,2,0,0,0,0,0,0,1,
147,50907003,Non-Critical,MARKER BOARD SPARE,Marker board STOP board,100267783,,NA,"HORIZON INDUSTRIAL PRODUCTS
",Non-PAC,Nos,96642,18,1,1,0,1,0,0,0,0,0,0,1,0,1,0,0,0,0,0,0,1,
148,50907005,Non-Critical,MARKER BOARD SPARE,Normal Stopping 6C  for under ground section,100215686,,48, HORIZON INDUSTRIAL PRODUCTS,Non-PAC,Nos,32130,18,5,5,0,5,0,0,0,0,0,0,5,0,5,0,0,0,0,0,0,1,
149,50907004,Non-Critical,MARKER BOARD SPARE,Normal Stopping 6C Marker Board- elevated,100250036,,68,"HORIZON INDUSTRIAL PRODUCTS
",Non-PAC,SET,111979,18,7,7,0,7,0,0,0,0,0,0,7,0,7,0,0,0,0,0,0,1,
150,,Non-Critical,MARKER BOARD SPARE,Stopping reverse marker board- Underground,100267784,,NA,HORIZON INDUSTRIAL PRODUCTS,Non-PAC,Nos,43763,18,1,1,0,1,0,0,0,0,0,0,1,0,1,0,0,0,0,0,0,1,
151,,Non-Critical,MARKER BOARD SPARE,Stopping reverse marker board-Elevated,100250034,,NA,HORIZON INDUSTRIAL PRODUCTS,Non-PAC,Nos,NA,NA,7,7,0,7,0,0,0,0,0,0,7,0,7,0,0,0,0,0,0,1,
152,,Non-Critical,Miscellaneous Spare,Fuse 32mA Fuse anitsurge,100294741,,NA,HM TRADERS,Non-PAC,Nos,364,18,100,100,0,0,25,25,25,25,0,0,100,0,100,0,0,0,0,0,0,1,
153,,Non-Critical,Miscellaneous Spare,DISCONNECTION TERMINAL FOR WNRA & CCTV USED WITH ST-4 HESI,100285607,,NA,Phoenix Contact India Pvt. Ltd.,Non-PAC,Nos,968,18,25,25,0,0,25,0,0,0,0,0,25,0,25,0,0,0,0,0,0,1,
154,,Non-Critical,Miscellaneous Spare,END PLATE FOR 3NSS008747-01,3NSS002824-10,,NA,WAGO Private Limited,Non-PAC,Nos,199,18,25,25,0,0,25,0,0,0,0,0,25,0,25,0,0,0,0,0,0,1,
155,,Critical,Miscellaneous Spare,FUSE 0.5A SLOW,3NSS008914-03,,NA,HM TRADERS,Non-PAC,Nos,75,18,100,100,0,0,25,25,25,25,0,0,100,0,100,0,0,1,0,1,0.333333333,1,
156,,Critical,Miscellaneous Spare,FUSE 1A SLOW,100157857,,NA,HM TRADERS,Non-PAC,Nos,75,18,100,100,0,0,25,25,25,25,0,0,100,0,100,0,0,0,0,0,0,1,
157,,Critical,Miscellaneous Spare,FUSE 2A SLOW,3NSS008914-04,,NA,HM TRADERS,Non-PAC,Nos,75,18,200,200,0,0,125,25,25,25,0,0,200,0,200,0,0,0,0,0,0,1,
158,,Non-Critical,Miscellaneous Spare,LABEL FOR WAGO TERMINAL,3NSS003565-01,,NA,WAGO Private Limited,Non-PAC,Nos,318,18,36,36,0,0,36,0,0,0,0,0,36,0,36,0,0,0,0,0,0,1,
159,,Non-Critical,Miscellaneous Spare,LOCK NUT M32X1.5 METAL,100321803,,NA,,Non-PAC,Nos,7856,18,25,25,0,0,25,0,0,0,0,0,25,0,25,0,0,0,0,0,0,1,
160,,Non-Critical,Miscellaneous Spare,MARKER STRIP FOR ST 4-MT/ST 4-HESI (SIDE MARKING),100285611,,NA,Phoenix Contact India Pvt. Ltd.,Non-PAC,Nos,558,18,25,25,0,0,25,0,0,0,0,0,25,0,25,0,0,0,0,0,0,1,
161,,Non-Critical,Miscellaneous Spare,MARKING STRIP FOR ST 4-MT/ST 4-HESI (CENTER MARKING),100285610,,NA,Phoenix Contact India Pvt. Ltd.,Non-PAC,Nos,62,18,25,25,0,0,25,0,0,0,0,0,25,0,25,0,0,0,0,0,0,1,
162,,Non-Critical,Miscellaneous Spare,PLUG IN BRIDGE (2-WAY SORTING LINK),87010714S,,NA,Phoenix Contact India Pvt. Ltd.,Non-PAC,Nos,101,18,25,0,25,0,0,0,0,0,0,0,0,0,0,0,0,0,0,0,0,1,
163,,Non-Critical,Miscellaneous Spare,SELF-ADHESIVE LABEL (PCS),3EHN425037P0345,,NA,WAGO PRIVATE LIMITED,Non-PAC,Nos,5474,18,25,25,0,0,25,0,0,0,0,0,25,0,25,0,0,0,0,0,0,1,
164,,Critical,Miscellaneous Spare,SLOW BLOW GLASS FUSE 0.63 AMP,100300094,,NA,HM TRADERS,Non-PAC,Nos,74,18,100,60,40,0,30,10,10,10,0,0,60,0,60,0,0,0,0,0,0,1,
165,,Critical,Miscellaneous Spare,SLOW BLOW GLASS FUSE 100 mA. ,100261062,,NA,HM TRADERS,Non-PAC,Nos,74,18,100,100,0,0,25,25,25,25,0,0,100,0,100,0,0,0,0,0,0,1,
166,,Critical,Miscellaneous Spare,SLOW BLOW GLASS FUSE 5AMP,100310187,,NA,HM TRADERS,Non-PAC,Nos,75,18,200,198,2,0,123,25,25,25,0,0,198,0,198,0,0,0,0,0,0,1,
167,,Critical,Miscellaneous Spare,SURGE ARRESTER FOR AXLE COUNTER DETECTION BASE,100250343,,NA,Phoenix Contact India Pvt. Ltd.,Non-PAC,Nos,58280,18,25,25,0,0,10,5,5,5,0,0,25,0,25,0,0,0,0,0,0,1,
168,,Critical,Miscellaneous Spare,SURGE ARRESTER FOR AXLE COUNTER DETECTION PLUG,100250342,,NA,Phoenix Contact India Pvt. Ltd.,Non-PAC,Nos,12457,18,25,25,0,0,10,5,5,5,0,0,25,0,25,0,0,0,0,0,0,1,
169,,Critical,Miscellaneous Spare,SURGE ARRESTER FOR AXLE COUNTER POWER BASE,3NSS009639-02,,NA,Phoenix Contact India Pvt. Ltd.,Non-PAC,Nos,3651,18,25,25,0,0,10,5,5,5,0,0,25,0,25,0,0,0,0,0,0,1,
170,,Critical,Miscellaneous Spare,SURGE ARRESTER FOR AXLE COUNTER POWER PLUG,3NSS009639-03,,NA,Phoenix Contact India Pvt. Ltd.,Non-PAC,Nos,5601,18,25,25,0,0,10,5,5,5,0,0,25,0,25,0,0,0,0,0,0,1,
171,,Non-Critical,Miscellaneous Spare,SURGE ARRESTER FOR POINT DETECTION BASE,3NSS009645-02,,NA,Phoenix Contact India Pvt. Ltd.,Non-PAC,Nos,14191,18,25,25,0,0,10,5,5,5,0,0,25,0,25,0,0,0,0,0,0,1,
172,,Non-Critical,Miscellaneous Spare,SURGE ARRESTER FOR POINT DETECTION PLUG,3NSS009645-03,,NA,Phoenix Contact India Pvt. Ltd.,Non-PAC,Nos,17300,18,25,25,0,0,10,5,5,5,0,0,25,0,25,0,0,0,0,0,0,1,
173,,Non-Critical,POINT MACHINE SPARE,"SURGE ARRESTER FOR Point power,SIGNALS,SPK ,APB, CCTV & WNRA",3NSS009637-01,,NA,Industrial trade linkers,Non-PAC,Nos,34862,18,25,25,0,0,10,5,5,5,0,0,25,0,25,0,0,0,0,0,0,1,
174,,Critical,Miscellaneous Spare OR OBJECT CONTROLLER CABINET SPARE,FUSE 4A SLOW,3NSS008914-01,,NA,HM TRADERS,Non-PAC,Nos,75,18,100,100,0,0,25,25,25,25,0,0,100,0,100,0,0,0,0,0,0,1,
175,,Critical,Miscellaneous Spare OR OBJECT CONTROLLER CABINET SPARE,FUSE 6.3A SLOW,3NSS008914-05,,NA,HM TRADERS,Non-PAC,Nos,75,18,100,0,100,0,0,0,0,0,0,0,0,0,0,0,0,0,0,0,0,1,
176,,Non-Critical,Miscellaneous Spare OR OBJECT CONTROLLER CABINET SPARE,SCREWLESS END STOP 10mm,3NSS001234-02,,NA,WAGO PRIVATE LIMITED,Non-PAC,Nos,139,18,45,45,0,0,45,0,0,0,0,0,45,0,45,0,0,0,0,0,0,1,
177,,Non-Critical,Miscellaneous Spare OR OBJECT CONTROLLER CABINET SPARE,SLOW BLOW GLASS FUSE 10 AMP,3NSS008914-02,,NA,HM TRADERS,Non-PAC,Nos,74,18,110,110,0,0,11,33,33,33,0,0,110,0,110,0,0,0,0,0,0,1,
178,,Non-Critical,Miscellaneous Spare OR POINT MACHINE SPARE,"DISCONNECTION TERMINALS FOR POINT POWER DC, WNRA, CCTV neutral",3NSS008747-01,,NA,WAGO Private Limited,Non-PAC,Nos,2115,18,25,25,0,0,25,0,0,0,0,0,25,0,25,0,0,0,0,0,0,1,
179,,Non-Critical,OBC/OCS CABINET,FAN Unit,3NSS003544-02,,NA,Zollner Elektronik AG,Non-PAC,Nos,318233,18,5,5,0,0,5,0,0,0,0,0,5,0,5,0,0,0,0,0,0,1,
180,,Non-Critical,OBJECT CONTROLLER CABINET SPARE,"1 NO. Switching element, screw terminal",100135381,,NA,Distrelec B.V.,Non-PAC,Nos,4039,18,11,11,0,0,11,0,0,0,0,0,11,0,11,0,0,0,0,0,0,1,
181,,Non-Critical,OBJECT CONTROLLER CABINET SPARE,2-conductor through terminal block,100138783,,NA,WAGO PRIVATE LIMITED,Non-PAC,Nos,NA,NA,11,11,0,0,11,0,0,0,0,0,11,0,11,0,0,0,0,0,0,1,
182,,Critical,AXLE COUNTER SPARE,Board ELH CARD/ EDS5211,EDS-5211/1201,ELH CARD,701,Bombardier Transportation,PAC,Nos,NA,NA,70,0,70,0,0,0,0,0,0,0,0,0,0,0,2,20,11,33,11,11,
183,,Non-Critical,ATS SPARE,J1&J2 PORTS(CATS),NA,,NA,NA,Non-PAC,Nos,NA,NA,0,0,0,0,0,0,0,0,0,0,0,0,0,0,0,0,1,1,0.333333333,1,
184,,Non-Critical,ATS SPARE,CPU POWER BUTTON(CATS),NA,,NA,NA,Non-PAC,Nos,NA,NA,0,0,0,0,0,0,0,0,0,0,0,0,0,0,0,0,1,1,0.333333333,1,
185,,Non-Critical,ATS SPARE,USB PORT(CATS),NA,,NA,NA,Non-PAC,Nos,NA,NA,0,0,0,0,0,0,0,0,0,0,0,0,0,0,0,0,3,3,1,1,
186,,Non-Critical,ATS SPARE,CABLE SOCKET,NA,,NA,NA,Non-PAC,Nos,NA,NA,0,0,0,0,0,0,0,0,0,0,0,0,0,0,0,1,0,1,0.333333333,1,
187,,Non-Critical,ATS SPARE,LATS WKS KEYBOARD,NA,,152,NA,Non-PAC,Nos,NA,NA,0,0,0,0,0,0,0,0,0,0,0,0,0,0,1,2,0,3,1,1,
188,,Non-Critical,ATS SPARE,LATS(UPS PORTS),NA,,NA,NA,Non-PAC,Nos,NA,NA,0,0,0,0,0,0,0,0,0,0,0,0,0,0,0,0,5,5,1.666666667,2,
189,,Critical,POINT MACHINE SPARE,LOCKING ROD,NA,,NA,NA,Non-PAC,Nos,NA,NA,0,0,0,0,0,0,0,0,0,0,0,0,0,0,0,0,2,2,0.666666667,1,
190,,Critical,POINT MACHINE SPARE,MOT 2,3NSS001017-02,,104,Zollner Elektronik ,PAC,Nos,NA,NA,0,0,0,0,0,0,0,0,0,0,0,0,0,0,2,1,0,3,1,1,
191,,Critical,POINT MACHINE SPARE,CONTROL DETECTION UNIT (EEA5),"3-94803/1,2",,85,Bombardier Transportation,PAC,Nos,NA,NA,0,0,0,0,0,0,0,0,0,0,0,0,0,0,0,4,1,5,1.666666667,2,
192,,Critical,SIGNAL,CURRENT REGULATOR ( Currently not available in market),NA,,NA,NA,Non-PAC,Nos,NA,NA,0,0,0,0,0,0,0,0,0,0,0,0,0,0,1,1,2,4,1.333333333,2,
193,,Non-Critical,ATS SPARE,LATS HDMI CABLE,NA,,NA,NA,Non-PAC,Nos,NA,NA,0,0,0,0,0,0,0,0,0,0,0,0,0,0,1,0,0,1,0.333333333,1,
194,,Critical,POINT MACHINE SPARE,LEFT CONTROL DETECTION UNIT,3-94803/1,,85,Bombardier Transportation (ZWUS) Po,PAC,Nos,NA,NA,0,0,0,0,0,0,0,0,0,0,0,0,0,0,4,0,0,4,1.333333333,2,
195,,Critical,OBJECT CONTROLLER CABINET SPARE,Board ACE Card,100293445,ACE CARD,48,Bombardier Transportation,PAC,Nos,NA,NA,8,0,8,0,0,0,0,0,0,0,0,0,0,0,5,10,8,23,7.666666667,8,
196,,Non-Critical,OBJECT CONTROLLER CABINET SPARE,Adjacent jumper for Disconnect terminal ,3NSS003564-02,,NA,WAGO Private Limited,,Nos,130,18,5,5,0,0,5,0,0,0,0,0,5,0,5,0,0,0,0,0,0,1,
197,,Critical,OBJECT CONTROLLER CABINET SPARE,"Cable CCM-E, Vital Input",3NSS003927-0019,,287,Zollner Elektronik AG,PAC,Nos,39250,18,29,29,0,0,20,3,3,3,0,0,29,0,29,0,0,0,0,0,0,1,
198,,Critical,OBJECT CONTROLLER CABINET SPARE,Cable LMP,3NSS004204-0019,,184,Zollner Elektronik AG,PAC,Nos,44034,18,19,19,0,0,13,2,2,2,0,0,19,0,19,0,0,0,0,0,0,1,
199,,Critical,OBJECT CONTROLLER CABINET SPARE,Cable MOT1,3NSS004212-0019,,85,Zollner Elektronik AG,PAC,Nos,57536,18,9,9,0,0,3,2,2,2,0,0,9,0,9,0,0,0,0,0,0,1,
200,,Critical,OBJECT CONTROLLER CABINET SPARE,Cable MOT2,3NSS004203-0019,,104,Zollner Elektronik AG,PAC,Nos,73300,18,11,11,0,0,11,0,0,0,0,0,11,0,11,0,0,0,0,0,0,1,
201,,Critical,OBJECT CONTROLLER CABINET SPARE,Cable SRC,3NSS004206-0019,,59,Zollner Elektronik AG,PAC,Nos,32637,18,6,6,0,0,3,1,1,1,0,0,6,0,6,0,0,0,0,0,0,1,
202,,Critical,OBJECT CONTROLLER CABINET SPARE,CAN bus Cable,"3-95700/020
",,47,Bombardier Transportation,PAC,Nos,57601,18,5,5,0,0,5,0,0,0,0,0,5,0,5,0,0,0,0,0,0,1,
203,50207004,Non-Critical,OBJECT CONTROLLER CABINET SPARE,Cassette for PSU 131 ,3NSS004816-01,,NA,Zollner Elektronik AG,PAC,Nos,2612,18,33,33,0,33,0,0,0,0,0,0,33,0,33,0,0,0,0,0,0,1,
204,,Critical,OBJECT CONTROLLER CABINET SPARE,Board CCM-E card,3NSS001014-02,CCME CARD,401,Zollner Elektronik AG,PAC,Nos,142145,18,56,49,7,0,43,2,2,2,0,0,49,0,49,0,0,0,2,2,0.666666667,1,
205,,Critical,OBJECT CONTROLLER CABINET SPARE,Board COM 5 Card,3NSS001018-05,,142,Zollner Elektronik AG,PAC,Nos,138255,18,23,22,1,0,22,0,0,0,0,0,22,0,22,0,0,0,0,0,0,1,
206,,Non-Critical,OBJECT CONTROLLER CABINET SPARE,Compact PSU Dummy pannel,3NSS003646-01,,173,Zollner Elektronik AG,Non-PAC,Nos,2016,18,8,8,0,0,8,0,0,0,0,0,8,0,8,0,0,0,0,0,0,1,
207,,Critical,OBJECT CONTROLLER CABINET SPARE,Connection  Unit LMP,3NSS004443-01,,184,Zollner Elektronik AG,PAC,Nos,23592,18,19,19,0,0,19,0,0,0,0,0,19,0,19,0,0,0,0,0,0,1,
208,,Non-Critical,OBJECT CONTROLLER CABINET SPARE,Connection Unit 10X2 SRC/EWD -100 voltage input terminal,3NSS004445-20,,11,Zollner Elektronik AG,Non-PAC,Nos,25666,18,1,0,1,0,0,0,0,0,0,0,0,0,0,0,0,0,0,0,0,1,
209,,Non-Critical,OBJECT CONTROLLER CABINET SPARE,Connection Unit 15X2 SRC/EWD -100 voltage input terminal,3NSS004445-30,,3,Zollner Elektronik AG,Non-PAC,Nos,28925,18,1,0,1,0,0,0,0,0,0,0,0,0,0,0,0,0,0,0,0,1,
210,,Non-Critical,OBJECT CONTROLLER CABINET SPARE,Connection Unit 3X2 MOT2 voltage input terminal,3NSS004445-06,,NA,Zollner Elektronik AG,Non-PAC,Nos,8152,18,12,12,0,0,12,0,0,0,0,0,12,0,12,0,0,0,0,0,0,1,
211,,Non-Critical,OBJECT CONTROLLER CABINET SPARE,Connection Unit 4X3 MOT1 voltage input terminal,3NSS004446-12,,NA,Zollner Elektronik AG,Non-PAC,Nos,12858,18,9,0,9,0,0,0,0,0,0,0,0,0,0,0,0,0,0,0,0,1,
212,,Non-Critical,OBJECT CONTROLLER CABINET SPARE,Connection Unit 4X5 LMP voltage input,3NSS004511-20,,NA,Zollner Elektronik AG,Non-PAC,Nos,19034,18,5,0,5,0,0,0,0,0,0,0,0,0,0,0,0,0,0,0,0,1,
213,,Non-Critical,OBJECT CONTROLLER CABINET SPARE,Connection Unit 6X2 SRC/EWD -100 voltage input terminal,3NSS004445-12,,NA,Zollner Elektronik AG,Non-PAC,Nos,12723,18,5,5,0,0,5,0,0,0,0,0,5,0,5,0,0,0,0,0,0,1,
214,,Non-Critical,OBJECT CONTROLLER CABINET SPARE,Connection Unit 8X5 LMP voltage input,3NSS004511-40,,NA,Zollner Elektronik AG,Non-PAC,Nos,35783,18,8,8,0,0,2,2,2,2,0,0,8,0,8,0,0,0,0,0,0,1,
215,,Non-Critical,OBJECT CONTROLLER CABINET SPARE,Connection Unit for CCM-E Vital input,3NSS004437-01,,NA,Zollner Elektronik AG,Non-PAC,Nos,13492,18,58,29,29,0,20,3,3,3,0,0,29,0,29,0,0,0,0,0,0,1,
216,,Non-Critical,OBJECT CONTROLLER CABINET SPARE,Connection unit towards objects (ACE),3NSS013476-01,,NA,Zollner Elektronik AG,Non-PAC,Nos,23418,18,5,5,0,0,5,0,0,0,0,0,5,0,5,0,0,0,0,0,0,1,
217,,Non-Critical,OBJECT CONTROLLER CABINET SPARE,Connection unit towards objects (MOT1),3NSS004447-03,,NA,Zollner Elektronik AG,Non-PAC,Nos,40393,18,9,9,0,0,3,2,2,2,0,0,9,0,9,0,0,0,0,0,0,1,
218,,Non-Critical,OBJECT CONTROLLER CABINET SPARE,Connection unit towards objects (MOT2),3NSS004448-02,,NA,Zollner Elektronik AG,Non-PAC,Nos,25408,18,11,11,0,0,11,0,0,0,0,0,11,0,11,0,0,0,0,0,0,1,
219,,Non-Critical,OBJECT CONTROLLER CABINET SPARE,Connection unit towards objects (SRC),3NSS004450-01,,NA,Zollner Elektronik AG,Non-PAC,Nos,13569,18,12,12,0,0,6,2,2,2,0,0,12,0,12,0,0,0,0,0,0,1,
220,50207005,Non-Critical,OBJECT CONTROLLER CABINET SPARE,Dummy pannel,3NSS002148-20,,NA,Zollner Elektronik AG,Non-PAC,Nos,4086,18,37,37,0,35,2,0,0,0,0,0,37,0,37,0,0,0,0,0,0,1,
221,50207006,Non-Critical,OBJECT CONTROLLER CABINET SPARE,Dummy pannel,3NSS002148-25,,NA,Zollner Elektronik AG,Non-PAC,Nos,4868,18,37,37,0,35,0,0,0,0,0,0,35,0,35,2,0,0,0,0,0,1,
222,50207007,Non-Critical,OBJECT CONTROLLER CABINET SPARE,Dummy pannel,3NSS002148-35,,NA,Zollner Elektronik AG,Non-PAC,Nos,6319,18,37,37,0,35,2,0,0,0,0,0,37,0,37,2,0,0,0,0,0,1,
223,50207008,Non-Critical,OBJECT CONTROLLER CABINET SPARE,Dummy pannel,3NSS002148-90,,NA,Zollner Elektronik AG,Non-PAC,Nos,7030,18,23,23,0,20,3,0,0,0,0,0,23,0,23,2,0,0,0,0,0,1,
224,,Non-Critical,OBJECT CONTROLLER CABINET SPARE,End Plate for Disconnect terminal,3NSS002824-09,,NA,WAGO Private Limited,Non-PAC,Nos,161,18,13,11,2,0,11,0,0,0,0,0,11,0,11,0,0,0,0,0,0,1,
225,,Non-Critical,OBJECT CONTROLLER CABINET SPARE,END PLATE FOR FUSE TERMINAL,3NSS002824-08,,NA,WAGO Private Limited,Non-PAC,Nos,50,18,20,20,0,0,20,0,0,0,0,0,20,0,20,0,0,0,0,0,0,1,
226,,Non-Critical,OBJECT CONTROLLER CABINET SPARE,END PLATE FOR P.E TERMINAL,3NSS004936-02,,NA,WAGO Private Limited,Non-PAC,Nos,40,18,20,0,20,0,0,0,0,0,0,0,0,0,0,0,0,0,0,0,0,1,
227,,Non-Critical,OBJECT CONTROLLER CABINET SPARE,FUSE TERMINAL,3NSS004422-02,,NA,WAGO Private Limited,Non-PAC,Nos,376,18,39,39,0,0,21,6,6,6,0,0,39,0,39,0,0,0,0,0,0,1,
228,,Non-Critical,OBJECT CONTROLLER CABINET SPARE,High current Terminal block (Gray) ,100138782,,NA,WAGO PRIVATE LIMITED,Non-PAC,Nos,2365,18,11,11,0,0,11,0,0,0,0,0,11,0,11,0,0,0,0,0,0,1,
229,,Non-Critical,OBJECT CONTROLLER CABINET SPARE,LDIAG port,3-95922/120,,47,Bombardier Transportation,Non-PAC,Nos,151504,18,5,5,0,0,5,0,0,0,0,0,5,0,5,0,0,0,0,0,0,1,
230,,Critical,OBJECT CONTROLLER CABINET SPARE,Board LMP Card,3NSS001016-01,LMP CARD,285,Zollner Elektronik AG,PAC,Nos,227023,18,39,33,6,0,30,1,1,1,0,0,33,0,33,0,0,0,1,1,0.333333333,1,
231,,Non-Critical,OBJECT CONTROLLER CABINET SPARE,Main Circuit Breaker(2P 16A),100224426,,NA,"Zollner Elektronik AG
",Non-PAC,Nos,4279,18,15,15,0,0,15,0,0,0,0,0,15,0,15,0,0,0,0,0,0,1,
232,,Critical,OBJECT CONTROLLER CABINET SPARE,Board MOT 1 ( EEA5),3NSS001017-01,,78,Zollner Elektronik AG,PAC,Nos,167526,18,10,9,1,0,6,1,1,1,0,0,9,0,9,0,0,0,0,0,0,1,
233,,Critical,OBJECT CONTROLLER CABINET SPARE,Board MOT 2 (RDL2),NA,,59,Zollner Elektronik AG,PAC,Nos,NA,NA,11,0,11,0,0,0,0,0,0,0,0,0,0,0,0,0,0,0,0,1,
234,,Critical,OBJECT CONTROLLER CABINET SPARE,MOXA-NPORT (IA5450AI-T) for diagnostic,100442472,,11,Moxa Inc.,PAC,Nos,NA,NA,2,2,0,0,2,0,0,0,0,0,2,0,2,0,0,0,0,0,0,1,
235,,Critical,OBJECT CONTROLLER CABINET SPARE,Board OCT Card,3NSS001021-01,,118,Zollner Elektronik AG,PAC,Nos,59640,18,20,18,2,0,15,1,1,1,0,0,18,0,18,0,0,0,0,0,0,1,
236,,Non-Critical,OBJECT CONTROLLER CABINET SPARE,Power cable for LMP,3NSS005202-0030,,45,Zollner Elektronik AG,Non-PAC,Nos,8411,18,10,0,10,0,0,0,0,0,0,0,0,0,0,0,0,0,0,0,0,1,
237,,Non-Critical,OBJECT CONTROLLER CABINET SPARE,Power cable for MOT1 Volatge Input,3NSS005966-0030,,85,Zollner Elektronik AG,Non-PAC,Nos,12974,18,9,7,2,0,7,0,0,0,0,0,7,0,7,0,0,0,0,0,0,1,
238,,Non-Critical,OBJECT CONTROLLER CABINET SPARE,Power cable for MOT2 Volatge Input,3NSS005965-0030,,104,Zollner Elektronik AG,Non-PAC,Nos,8697,18,11,0,11,0,0,0,0,0,0,0,0,0,0,0,0,0,0,0,0,1,
239,,Non-Critical,OBJECT CONTROLLER CABINET SPARE,Power cable for SRC ,3NSS005201-0030,,NA,Zollner Elektronik AG,Non-PAC,Nos,6622,18,8,0,8,0,0,0,0,0,0,0,0,0,0,4,0,0,0,0,0,1,
240,50557016,Critical,OBJECT CONTROLLER CABINET SPARE,PSU 131,3NSS003993-02,,36,Zollner Elektronik AG,PAC,Nos,7991.41,18,5,5,0,5,0,0,0,0,0,0,5,0,5,0,0,0,0,0,0,1,
241,50000074,Critical,OBJECT CONTROLLER CABINET SPARE,PSU 330,3NSS004713-01,,105,Zollner Elektronik AG,PAC,Nos,225244,18,11,10,1,7,0,1,1,1,0,0,10,0,10,0,0,0,0,0,0,1,
242,50117011,Critical,OBJECT CONTROLLER CABINET SPARE,PSU 350,3NSS004715-01,,68,Zollner Elektronik AG,PAC,Nos,3811.39,18,8,7,1,5,0,0,1,1,0,0,7,0,7,0,0,0,0,0,0,1,
243,50205080,Critical,OBJECT CONTROLLER CABINET SPARE,PSU-422 (DPSU06024 FOR FSW),3NSS013765-02,,112,Zollner Elektronik AG,PAC,Nos,30198,18,12,12,0,12,0,0,0,0,0,0,12,0,12,0,0,0,0,0,0,1,
244,50205074,Critical,OBJECT CONTROLLER CABINET SPARE,PSU 74,3NSS009811-01,,73,Zollner Elektronik AG,PAC,Nos,254458.26,18,8,7,1,5,0,0,1,1,0,0,7,0,7,0,0,0,0,0,0,1,
245,,Non-Critical,OBJECT CONTROLLER CABINET SPARE,"Resistor, 2W, 50 ohms, N-male",404P439H74,,NA,NA,Non-PAC,Nos,NA,NA,4,4,0,0,4,0,0,0,0,0,4,0,4,0,0,0,0,0,0,1,
246,,Non-Critical,OBJECT CONTROLLER CABINET SPARE,Serial (RS232) to ETH Converter,EDW-100,EDW 100,92,Bombardier Transportation,PAC,Nos,243996,18,4,4,0,0,1,0,0,0,0,0,1,10,11,0,0,0,0,0,0,1,
247,,Critical,OBJECT CONTROLLER CABINET SPARE,Board SRC Card,3NSS001399-01,SRC Board,70,Zollner Elektronik AG,PAC,Nos,NA,NA,10,9,1,0,6,1,1,1,0,0,9,0,9,0,0,0,0,0,0,1,
248,,Non-Critical,OBJECT CONTROLLER CABINET SPARE,Sub rack Dummy pannel assembly,3NSS004967-01,,NA,Zollner Elektronik AG,Non-PAC,Nos,5861,18,37,0,37,0,0,0,0,0,0,0,0,0,0,0,0,0,0,0,0,1,
249,,Non-Critical,OBJECT CONTROLLER CABINET SPARE,System to System Transmission Cable (IS1/IS2),3-95923/120,,NA,Bombardier Transportation,Non-PAC,Nos,74920,18,5,3,2,0,3,0,0,0,0,0,3,0,3,0,0,0,0,0,0,1,
250,,Non-Critical,OBJECT CONTROLLER CABINET SPARE,WAGO TERMINAL FOR DETECTION,3NSS008749-01,,NA,WAGO Private Limited,Non-PAC,Nos,5939,18,65,0,65,0,0,0,0,0,0,0,0,0,0,0,0,0,0,0,0,1,
251,,Non-Critical,OBJECT CONTROLLER CABINET SPARE OR,P.E terminals,3NSS006369-05,,NA,WAGO Private Limited,Non-PAC,Nos,493,18,53,0,53,0,0,0,0,0,0,0,0,0,0,0,0,0,0,0,0,1,
252,,Non-Critical,OBJECT CONTROLLER CABINET SPARE OR PSDIC CABINET,Protection Cover,3NSS003724-03,,NA,WAGO Private Limited,Non-PAC,Nos,44,18,111,111,0,0,111,0,0,0,0,0,111,0,111,0,0,0,0,0,0,1,
253,,Critical,onboard,CPU A,3034473G01,,102,Zollner Elektronik AG,PAC,Nos,NA,NA,0,0,0,0,0,0,0,0,0,0,0,0,0,0,0,4,4,8,2.666666667,3,
254,,Critical,onboard,CPU B,3034474G01,,102,Zollner Elektronik AG,PAC,Nos,NA,NA,0,0,0,0,0,0,0,0,0,0,0,0,0,0,0,5,7,12,4,4,
255,,Critical,onboard,CPU C,3037149G01,,102,Zollner Elektronik AG,PAC,Nos,NA,NA,0,0,0,0,0,0,0,0,0,0,0,0,0,0,0,2,3,5,1.666666667,2,
256,,Critical,onboard,COHP 2 RACK for EMU,3033922G03,,102,Zollner Elektronik AG,PAC,Nos,NA,NA,0,0,0,0,0,0,0,0,0,0,0,0,0,0,0,2,4,6,2,2,
257,,Critical,onboard,PSVDU,3031744G01,,102,Zollner Elektronik AG,PAC,Nos,NA,NA,0,0,0,0,0,0,0,0,0,0,0,0,0,0,0,9,8,17,5.666666667,6,
258,,Critical,onboard,DMI,100215663,,102,HASLERRAIL AG,PAC,Nos,NA,NA,0,0,0,0,0,0,0,0,0,0,0,0,0,0,0,4,8,12,4,4,
259,,Critical,onboard,VOU,3031747G02,,102,Zollner Elektronik AG,PAC,Nos,NA,NA,0,0,0,0,0,0,0,0,0,0,0,0,0,0,0,0,2,2,0.666666667,1,
260,,Critical,onboard,MIO PANEL,3EST000209-5692,,102,Zollner Elektronik AG,PAC,Nos,NA,NA,0,0,0,0,0,0,0,0,0,0,0,0,0,0,0,,,0,0,1,
261,,Critical,onboard,TACHOMETER,100235552,,204,HASLERRAIL AG,PAC,Nos,NA,NA,21,0,21,0,0,0,0,0,0,0,0,0,0,0,0,5,1,6,2,2,
262,,Critical,onboard,NPR,409P034H68,,102,TAGMASTER,PAC,Nos,NA,NA,0,0,0,0,0,0,0,0,0,0,0,0,0,0,0,0,0,0,0,1,
263,,Critical,onboard,VCU_C,3EST000213-4083,,102,Bombardier/ DCY1550A,PAC,Nos,NA,NA,0,0,0,0,0,0,0,0,0,0,0,0,0,0,0,0,0,0,0,1,
264,,Critical,onboard,AX UNIT,3EST000214-1341,,102,Bombardier Transportation,PAC,Nos,NA,NA,0,0,0,0,0,0,0,0,0,0,0,0,0,0,0,0,0,0,0,1,
265,,Critical,onboard,NET I/O,3034475G01,,102,Zollner Elektronik AG,PAC,Nos,NA,NA,0,0,0,0,0,0,0,0,0,0,0,0,0,0,0,0,0,0,0,1,
266,,Critical,onboard,OSU,3031755G01,,102,Zollner Elektronik AG,PAC,Nos,NA,NA,0,0,0,0,0,0,0,0,0,0,0,0,0,0,0,0,0,0,0,1,
267,,Critical,onboard,PCI DIAG CARD,3031741G01,,102,Zollner Elektronik AG,PAC,Nos,NA,NA,0,0,0,0,0,0,0,0,0,0,0,0,0,0,0,0,0,0,0,1,
268,,Non-Critical,onboard,3GKW 2.5mm2,100135951,,104,Huber+Suhner (Singapore) Pte.Ltd.,Non-PAC,MTR,NA,NA,11,11,0,0,11,0,0,0,0,0,11,0,11,0,0,0,0,0,0,1,
269,50405198,Non-Critical,onboard,Analog input/output (AX) DCA3100A,3EST000214-1341,,104,Bombardier Transportation,Non-PAC,Nos,366212,18,11,11,0,11,0,0,0,0,0,0,11,0,11,0,0,0,0,0,0,1,
270,,Non-Critical,onboard,Bulkhead Housing ,409P223H50,,312,Harting (India) Pvt. Ltd.,Non-PAC,Nos,2475,18,32,0,32,0,0,0,0,0,0,0,0,0,0,0,0,0,0,0,0,1,
271,50307002,Non-Critical,onboard,Cable 2 x 2 x 0.5mm ,3EGM063913P0021,,NA,Huber+Suhner (Singapore) Pte.Ltd.,Non-PAC,MTR,13.58,18,663,663,0,663,0,0,0,0,0,0,663,0,663,0,0,0,0,0,0,1,
272,,Non-Critical,onboard,Cable 2 x 2 x 1mm ,100135959,,NA,Huber+Suhner (Singapore) Pte.Ltd.,Non-PAC,MTR,NA,NA,11,11,0,0,11,0,0,0,0,0,11,0,11,0,0,0,0,0,0,1,
273,50307001,Non-Critical,onboard,Cable 2X1.0 mm2,100155991,,NA,Huber+Suhner (Singapore) Pte.Ltd.,Non-PAC,MTR,1639,18,692,742,-50,742,0,0,0,0,0,0,742,0,742,0,0,0,0,0,0,1,
274,50307002,Non-Critical,onboard,Cable 2X2X0.5 mm2 (Power cable for CCTV radio),100223229,,NA,Huber+Suhner (Singapore) Pte.Ltd.,Non-PAC,MTR,NA,NA,312,663,-351,663,0,0,0,0,0,0,663,0,663,0,0,0,0,0,0,1,
275,50307003,Non-Critical,onboard,Cable 3X1.0 mm2 (60m per tacho),100228045,,NA,"Huber+Suhner (Singapore) Pte.Ltd.
",Non-PAC,MTR,9,18,520,1375,-855,1375,0,0,0,0,0,0,1375,0,1375,0,0,0,0,0,0,1,
276,50307007,Non-Critical,onboard,"Cable 0.5 mm2, Length=2mtr.",100222084,,NA,"Huber+Suhner (Singapore) Pte.Ltd.
",Non-PAC,MTR,NA,NA,100,2490,-2390,100,2390,0,0,0,0,0,2490,0,2490,0,0,0,0,0,0,1,
277,50307008,Non-Critical,onboard,"Cable  01 mm2 ( Grey), VOU,VIU,MIO.",NA,,NA,"Huber+Suhner (Singapore) Pte.Ltd.
",Non-PAC,MTR,NA,NA,10286,10286,0,10286,0,0,0,0,0,0,10286,0,10286,0,0,0,0,0,0,1,
278,50307009,Non-Critical,onboard,"Cable  04 mm2 ( Green Yellow), Ground.",100219192,,NA,"Huber+Suhner (Singapore) Pte.Ltd.
",Non-PAC,MTR,650,18,2000,2000,0,2000,0,0,0,0,0,0,2000,0,2000,0,0,0,0,0,0,1,
279,50307011,Non-Critical,onboard,"Cable  06 mm2 ( Green Yellow), Ground.",100227302,,NA,"Huber+Suhner (Singapore) Pte.Ltd.
",Non-PAC,MTR,714,18,2474,2474,0,2474,0,0,0,0,0,0,2474,0,2474,0,0,0,0,0,0,1,
280,,Non-Critical,onboard,Cable Clamp fo Gigabit Module ,3EGH489010-6641,,NA,Harting (India) Pvt. Ltd.,Non-PAC,Nos,666,18,21,21,0,0,21,0,0,0,0,0,21,0,21,0,0,0,0,0,0,1,
281,,Non-Critical,onboard,CABLE CLAMP FOR D20 SHELL ,404P556H70,,NA,Harting (India) Pvt. Ltd.,Non-PAC,Nos,1286,18,167,0,167,0,0,0,0,0,0,0,0,0,0,0,0,0,0,0,0,1,
282,,Non-Critical,onboard,"Cable Clamp, dia. 5-7 mm ",100226567,,NA,"Harting (India) Pvt. Ltd.
",Non-PAC,Nos,653,18,63,63,0,0,67,0,0,0,0,0,67,0,67,0,0,0,0,0,0,1,
283,,Non-Critical,onboard,Cable connector for Loud speaker ,100136165,,NA,WAGO PRIVATE LIMITED,Non-PAC,Nos,163,18,42,42,0,0,42,0,0,0,0,0,42,0,42,0,0,0,0,0,0,1,
284,,Non-Critical,onboard,Cable Gland ,100221707,,NA,"Harting (India) Pvt. Ltd.
",Non-PAC,Nos,5683,18,22,22,0,0,22,0,0,0,0,0,22,0,22,0,0,0,0,0,0,1,
285,,Non-Critical,onboard,Cable Gland ,3EGM064419P0007,,NA,Harting (India) Pvt. Ltd.,Non-PAC,Nos,7619,18,11,11,0,0,11,0,0,0,0,0,11,0,11,0,0,0,0,0,0,1,
286,,Non-Critical,onboard,"Cable Gland, M20 Thread; ",100219125,,NA,"Harting (India) Pvt. Ltd.
",Non-PAC,Nos,532,18,11,11,0,0,11,0,0,0,0,0,11,0,11,0,0,0,0,0,0,1,
287,,Non-Critical,onboard,"Cable, MVB, ESD+ ",404P732H28,,NA,Huber+Suhner Pte.Ltd.,Non-PAC,MTR,,,32,32,0,0,32,0,0,0,0,0,32,0,32,0,0,0,0,0,0,1,
288,,Non-Critical,onboard,"CABLE,2M,M12MALE; ",404P732119,,NA,Huber+Suhner (Singapore) Pte.Ltd.,Non-PAC,Nos,12384,18,32,32,0,0,32,0,0,0,0,0,32,0,32,0,0,0,0,0,0,1,
289,50307005,Non-Critical,onboard,CAT 7 cable (Data + Power cable for MDR radio to VATC Length 30m/MDR.),100223759,,NA,"Huber+Suhner (Singapore) Pte.Ltd.
",Non-PAC,MTR,27,18,647,647,0,647,0,0,0,0,0,0,647,0,647,0,0,0,0,0,0,1,
290,,Non-Critical,onboard,Coding Key ,409P278H51,,3224,Harting (India) Pvt. Ltd.,Non-PAC,Nos,152,18,323,0,323,0,0,0,0,0,0,0,0,0,0,0,0,0,0,0,0,1,
291,,Non-Critical,onboard,Coding Section ,3EST000212-0644,,2496,Phoenix Contact India Pvt. Ltd.,Non-PAC,Nos,,,17,17,0,0,17,0,0,0,0,0,17,0,17,0,0,0,0,0,0,1,
292,,Non-Critical,onboard,CONNECTOR 48 PIN ,404P223H02,,832,Harting (India) Pvt. Ltd.,Non-PAC,Nos,263,18,250,250,0,0,250,0,0,0,0,0,250,0,250,0,0,0,0,0,0,1,
293,,Non-Critical,onboard,Connector 8 Position Lumberg Solder Type (connector of MDR Ethernet port) ,409P981H52,,312,Classic Components Corporation,Non-PAC,Nos,NA,NA,32,60,-28,0,60,0,0,0,0,0,60,0,60,0,0,0,0,0,0,1,
294,,Non-Critical,onboard,CONNECTOR ACCESSORY ,409P987218,,208,Harting (India) Pvt. Ltd.,Non-PAC,Nos,647,18,21,0,21,0,0,0,0,0,0,0,0,0,0,0,0,0,0,0,0,1,
295,,Non-Critical,onboard,"CONNECTOR BODY,20 ",404P981H13,,104,Harting (India) Pvt. Ltd.,Non-PAC,Nos,2509,18,11,0,11,0,0,0,0,0,0,0,0,0,0,0,0,0,0,0,0,1,
296,,Non-Critical,onboard,"CONNECTOR FRAME, 6 ",409P981181,,312,Harting (India) Pvt. Ltd.,Non-PAC,Nos,2143,18,32,0,32,0,0,0,0,0,0,0,0,0,0,0,0,0,0,0,0,1,
297,,Non-Critical,onboard,"Connector Hood, Han 3A ",100219119,,104,Harting (India) Pvt. Ltd.,Non-PAC,Nos,1417,18,11,11,0,0,11,0,0,0,0,0,11,0,11,0,0,0,0,0,0,1,
298,,Non-Critical,onboard,"CONNECTOR HOOD,TYPE F ",409P981195,,832,Harting (India) Pvt. Ltd.,Non-PAC,Nos,11517,18,84,0,84,0,0,0,0,0,0,0,0,0,0,0,0,0,0,0,0,1,
299,,Non-Critical,onboard,Connector Housing ,100002233,,104,"Harting (India) Pvt. Ltd.
",Non-PAC,Nos,4941,18,11,11,0,0,11,0,0,0,0,0,11,0,11,0,0,0,0,0,0,1,
300,,Non-Critical,onboard,Connector Housing ,100002234,,104,Harting (India) Pvt. Ltd.,Non-PAC,Nos,4941,18,22,22,0,0,22,0,0,0,0,0,22,0,22,0,0,0,0,0,0,1,
301,,Non-Critical,onboard,Connector kit 9,409P278H08,,104,Plexus Manufacturing Sdn. Bhd,Non-PAC,Nos,NA,NA,11,11,0,0,11,0,0,0,0,0,11,0,11,0,0,0,0,0,0,1,
302,,Non-Critical,onboard,Connector kit 9,409P278H07,,104,Plexus Manufacturing Sdn. Bhd,Non-PAC,Nos,NA,NA,11,11,0,0,11,0,0,0,0,0,11,0,11,0,0,0,0,0,0,1,
303,,Non-Critical,onboard,"Connector Module, ",409P987219,,312,Harting (India) Pvt. Ltd.,Non-PAC,Nos,1548,18,32,0,32,0,0,0,0,0,0,0,0,0,0,0,0,0,0,0,0,1,
304,,Non-Critical,onboard,CONNECTOR PIN; ,409P059H32,,416,"Masstron (Thailand) Co., Ltd.",Non-PAC,Nos,NA,NA,42,42,0,0,42,0,0,0,0,0,42,0,42,0,0,0,0,0,0,1,
305,,Non-Critical,onboard,"CONNECTOR, 17 POS ",409P981156,,1040,Harting (India) Pvt. Ltd.,Non-PAC,Nos,976,18,104,0,104,0,0,0,0,0,0,0,0,0,0,0,0,0,0,0,0,1,
306,,Non-Critical,onboard,"Connector, 4 pole female",100259174,,104,Phoenix Contact India Pvt. Ltd.,Non-PAC,Nos,701,18,11,11,0,0,11,0,0,0,0,0,11,0,11,0,0,0,0,0,0,1,
307,,Non-Critical,onboard,"Connector, 4 pole male",100259173,,104,Phoenix Contact India Pvt. Ltd.,Non-PAC,Nos,701,18,11,11,0,0,11,0,0,0,0,0,11,0,11,0,0,0,0,0,0,1,
308,,Non-Critical,onboard,"Connector, HAN Insert, ",409P987223,,104,Harting (India) Pvt. Ltd.,Non-PAC,Nos,6367,18,11,0,11,0,0,0,0,0,0,0,0,0,0,0,0,0,0,0,0,1,
309,,Non-Critical,onboard,"Connector, Han Q 5/0; ",100219124,,104,Harting (India) Pvt. Ltd.,Non-PAC,Nos,1279,18,11,11,0,0,11,0,0,0,0,0,11,0,11,0,0,0,0,0,0,1,
310,,Non-Critical,onboard,"Connector, M12, B-coded; ",100189738,,104,"Harting (India) Pvt. Ltd.
",Non-PAC,Nos,9415,18,11,11,0,0,11,0,0,0,0,0,11,0,11,0,0,0,0,0,0,1,
311,,Non-Critical,onboard,CONTACT 22-18 AWG; ,404P847H13,,416,"Masstron (Thailand) Co., Ltd.",Non-PAC,Nos,NA,NA,42,42,0,0,42,0,0,0,0,0,42,0,42,0,0,0,0,0,0,1,
312,,Non-Critical,onboard,Contact 4 Poles ,3EST000211-9681,,208,"Phoenix Contact India Pvt. Ltd.
",Non-PAC,Nos,497,18,21,21,0,0,21,0,0,0,0,0,21,0,21,0,0,0,0,0,0,1,
313,,Non-Critical,onboard,Contact 6 Poles ,3EST000211-9682,,416,Phoenix Contact India Pvt. Ltd.,Non-PAC,Nos,660,18,42,42,0,0,42,0,0,0,0,0,42,0,42,0,0,0,0,0,0,1,
314,,Non-Critical,onboard,Contact 8 Poles ,3EST000211-9683,,624,Phoenix Contact India Pvt. Ltd.,Non-PAC,Nos,612,18,63,63,0,0,63,0,0,0,0,0,63,0,63,0,0,0,0,0,0,1,
315,,Non-Critical,onboard,"CONTACT HAN D, .5mm Gold ",409P223H26,,3536,Harting (India) Pvt. Ltd.,Non-PAC,Nos,,,354,0,354,0,0,0,0,0,0,0,0,0,0,0,0,0,0,0,0,1,
316,,Non-Critical,onboard,CONTACT SOCKET ,404P202H14,,18096,Harting (India) Pvt. Ltd.,Non-PAC,Nos,76,18,1810,0,1810,0,0,0,0,0,0,0,0,0,0,0,0,0,0,0,0,1,
317,,Non-Critical,onboard,"Contact, Han D, .14-.37mm, male ",404P202H40,,416,Harting (India) Pvt. Ltd.,Non-PAC,Nos,246,18,42,0,42,0,0,0,0,0,0,0,0,0,0,0,0,0,0,0,0,1,
318,,Non-Critical,onboard,"CONTACT, Male ",409P223H10,,6136,Harting (India) Pvt. Ltd.,Non-PAC,Nos,246,18,614,0,614,0,0,0,0,0,0,0,0,0,0,0,0,0,0,0,0,1,
319,,Non-Critical,onboard,"Contact, Male, .25mm-.50mm ",100180653,,1664,Harting (India) Pvt. Ltd.,Non-PAC,Nos,125,18,167,167,0,0,167,0,0,0,0,0,167,0,167,0,0,0,0,0,0,1,
320,,Non-Critical,onboard,"CONTACT, MALE, SILVER; ",404P222H43,,5304,Harting (India) Pvt. Ltd.,Non-PAC,Nos,84,18,531,0,531,0,0,0,0,0,0,0,0,0,0,0,0,0,0,0,0,1,
321,,Non-Critical,onboard,"COVER, FOR D20 ",404P222H38,,1664,Harting (India) Pvt. Ltd.,Non-PAC,Nos,332,18,167,0,167,0,0,0,0,0,0,0,0,0,0,0,0,0,0,0,0,1,
322,,Non-Critical,onboard,DB9 Male Dust Cover ,100231081,,104,"Harting (India) Pvt. Ltd.
",Non-PAC,Nos,3864,18,11,11,0,0,11,0,0,0,0,0,11,0,11,0,0,0,0,0,0,1,
323,,Non-Critical,onboard,DC Block (for CBTC),100219844,,416,Huber+Suhner Pte.Ltd.,Non-PAC,Nos,69925,18,42,29,13,0,29,0,0,0,0,0,29,0,29,0,0,0,0,0,0,1,
324,50405199,Non-Critical,onboard,DC-DC Converter,100217037,,104,"Masstron (Thailand) Co., Ltd.",Non-PAC,Nos,6892603,18,11,11,0,11,0,0,0,0,0,0,11,0,11,0,0,0,0,0,0,1,
325,,Non-Critical,onboard,Digital Counter ,100175021,,104, INDUSTRIAL TRADE LINKERS,Non-PAC,Nos,,,11,11,0,0,11,0,0,0,0,0,11,0,11,0,0,0,0,0,0,1,
326,50405196,Non-Critical,onboard,Digital input/output with all terminating connector ( MIO),3EST000209-5692,,104,Bombardier Transportation,Non-PAC,Nos,307090,18,11,10,1,10,0,0,0,0,0,0,10,0,10,0,0,0,0,0,0,1,
327,,Non-Critical,onboard,"Din Rail Slotted, 35x15mm ",100136279,,104,"WAGO PRIVATE LIMITED
",Non-PAC,Nos,4605,18,11,11,0,0,11,0,0,0,0,0,11,0,11,0,0,0,0,0,0,1,
328,,Non-Critical,onboard,Diodes ,100270650,,208, INDUSTRIAL TRADE LINKERS,Non-PAC,Nos,348,18,21,21,0,0,0,0,0,0,0,0,0,0,0,0,0,0,0,0,0,1,
329,50307010,Non-Critical,onboard,DMI Power Cable ( Cable 2X1.5 mmsq),100135945,,3120,Huber+Suhner (Singapore) Pte.Ltd.,Non-PAC,MTR,793,18,312,1800,-1488,1800,0,0,0,0,0,0,1800,0,1800,0,0,0,0,0,0,1,
330,,Non-Critical,onboard,Doppler radar adapter connector ,100217968,,104,Classic Components Corporation,Non-PAC,Nos,18337,18,11,11,0,0,11,0,0,0,0,0,11,0,11,0,0,0,0,0,0,1,
331,,Non-Critical,onboard,"HAN D female crimp contact 0.5 mm2, gold ",100221716,,3952,Harting (India) Pvt. Ltd.,Non-PAC,Nos,24592,18,396,396,0,0,396,0,0,0,0,0,396,0,396,0,0,0,0,0,0,1,
332,,Non-Critical,onboard,"HAN D female crimp contact 0.75 mm2, gold ",3EHP590642P6225,,624,Harting (India) Pvt. Ltd.,Non-PAC,Nos,24592,18,63,63,0,0,63,0,0,0,0,0,63,0,63,0,0,0,0,0,0,1,
333,,Non-Critical,onboard,"HAN D female crimp contact 1.0 mm2, gold ",100221713,,4680,Harting (India) Pvt. Ltd.,Non-PAC,Nos,24592,18,833,833,0,0,833,0,0,0,0,0,833,0,833,0,0,0,0,0,0,1,
334,,Non-Critical,onboard,"HAN D female crimp contact 1.0 mm2, silver ",100002171,,5356,  Harting (India) Pvt. Ltd.,Non-PAC,Nos,8439,18,536,536,0,0,536,0,0,0,0,0,536,0,536,0,0,0,0,0,0,1,
335,,Non-Critical,onboard,"HAN DDD, female, 17 position ",100101866,,1040,Harting (India) Pvt. Ltd.,Non-PAC,Nos,915,18,105,105,0,0,105,0,0,0,0,0,105,0,105,0,0,0,0,0,0,1,
336,,Non-Critical,onboard,"HAN D-Sub female crimp contact, 0.25mm2- 0.50mm2 ",100178989,,1664,Harting (India) Pvt. Ltd.,Non-PAC,Nos,22757,18,209,209,0,0,209,0,0,0,0,0,209,0,209,0,0,0,0,0,0,1,
337,,Non-Critical,onboard,HAN Dummy Module ,409P987122,,312,Harting (India) Pvt. Ltd.,Non-PAC,Nos,380,18,32,0,32,0,0,0,0,0,0,0,0,0,0,0,0,0,0,0,0,1,
338,,Non-Critical,onboard,"HAN E Contact, Female ",404P373H63,,416,Harting (India) Pvt. Ltd.,Non-PAC,Nos,46,18,42,0,42,0,0,0,0,0,0,0,0,0,0,0,0,0,0,0,0,1,
339,,Non-Critical,onboard,Han E Male Silver 1mm ,404P373H62,,520,Harting (India) Pvt. Ltd.,Non-PAC,Nos,40,18,52,0,52,0,0,0,0,0,0,0,0,0,0,0,0,0,0,0,0,1,
340,,Non-Critical,onboard,HAN EEE female crimp contact 1.0 mm2 ,100002193,,780,"Harting (India) Pvt. Ltd.
",Non-PAC,Nos,4116,18,78,78,0,0,78,0,0,0,0,0,78,0,78,0,0,0,0,0,0,1,
341,,Non-Critical,onboard,HAN EEE female module ,100190117,,104,"Harting (India) Pvt. Ltd.
",Non-PAC,Nos,3243,18,11,11,0,0,11,0,0,0,0,0,11,0,11,0,0,0,0,0,0,1,
342,,Non-Critical,onboard,"Han Gigabit Carrier, Male ",3ECP410065-0001,,208,Harting (India) Pvt. Ltd.,Non-PAC,Nos,NA,NA,21,21,0,0,21,0,0,0,0,0,21,0,21,0,0,0,0,0,0,1,
343,,Non-Critical,onboard,HAN GigaBit female insert ,100182252,,208,"Harting (India) Pvt. Ltd.
",Non-PAC,Nos,6604,18,21,21,0,0,21,0,0,0,0,0,21,0,21,0,0,0,0,0,0,1,
344,,Non-Critical,onboard,"HAN Gigabit, Megabit female module ",100182251,,312,"Harting (India) Pvt. Ltd.
",Non-PAC,Nos,1627,18,32,32,0,0,32,0,0,0,0,0,32,0,32,0,0,0,0,0,0,1,
345,,Non-Critical,onboard,"HAN Megabit female insert, 2x4 contacts with shield ",100192215,,208,"Harting (India) Pvt. Ltd.
",Non-PAC,Nos,6277,18,21,21,0,0,21,0,0,0,0,0,21,0,21,0,0,0,0,0,0,1,
346,,Non-Critical,onboard,Hinged Frame ,409P987115,,312,Harting (India) Pvt. Ltd.,Non-PAC,Nos,2132,18,11,0,11,0,0,0,0,0,0,0,0,0,0,0,0,0,0,0,0,1,
347,,Non-Critical,onboard,Locking Element ,100109694,,208,"Harting (India) Pvt. Ltd.
",Non-PAC,Nos,691,18,63,63,0,0,63,0,0,0,0,0,63,0,63,0,0,0,0,0,0,1,
348,,Non-Critical,onboard,Locking Element ,404P222H37,,624,Harting (India) Pvt. Ltd.,Non-PAC,Nos,677,18,63,0,63,0,0,0,0,0,0,0,0,0,0,0,0,0,0,0,0,1,
349,,Non-Critical,onboard,LOS Antenna ( onboard),100241649,,204,Antenna Products Corp.,Non-PAC,Nos,,,21,19,2,0,19,0,0,0,0,0,19,0,19,0,0,0,0,0,0,1,
350,,Non-Critical,onboard,Loudspeaker DNH A-45,3NSS008939-01,,102,Den Norske Hoyttalerfabrikk,Non-PAC,Nos,41067,18,11,11,0,0,11,0,0,0,0,0,11,0,11,0,0,0,0,0,0,1,
351,,Non-Critical,onboard,M12 Cable Assembly; ,100225051,,104,Pixy AG,Non-PAC,Nos,53818,18,11,11,0,0,11,0,0,0,0,0,11,0,11,0,0,0,0,0,0,1,
352,,Non-Critical,onboard,M12 Dust Cover ,100229193,,208,"Phoenix Contact India Pvt. Ltd.
",Non-PAC,Nos,1302,18,21,21,0,0,21,0,0,0,0,0,21,0,21,0,0,0,0,0,0,1,
353,,Non-Critical,onboard,"M12 Female connector, A- coded 5 poles, crimp type(for CCTV radio power connection)",100465176,,104,Harting (India) Pvt. Ltd.,Non-PAC,Nos,NA,NA,11,11,0,0,11,0,0,0,0,0,11,0,11,0,0,0,0,0,0,1,
354,,Critical,onboard,MOBAD SERIAL EPROM,3EST 92-492,,104,Bombardier Transportation,Non-PAC,Nos,47587,18,11,11,0,0,11,0,0,0,0,0,11,0,11,0,0,0,0,0,0,1,
355,,Non-Critical,onboard,MVB EMD male termination pod,3EGM100400-0028,,104,Enics Eesti,Non-PAC,Nos,12780,18,11,9,2,0,9,0,0,0,0,0,9,0,9,0,0,0,0,0,0,1,
356,50307006,Non-Critical,onboard,MVB ESD + Cable ,100221498,,2600,Huber+Suhner (Singapore) Pte.Ltd.,Non-PAC,MTR,17,18,520,520,0,520,0,0,0,0,0,0,520,0,520,0,0,0,0,0,0,1,
357,50307013,Non-Critical,onboard,CABLE 4X0.5 MM2MVB ESD(EMD)+ cable ,404P732H56,,11960,Huber+Suhner (Singapore) Pte.Ltd.,Non-PAC,,1134,18,1323,1323,0,1323,0,0,0,0,0,0,1323,0,1323,0,0,0,0,0,0,1,
358,,Non-Critical,onboard,MVB Female Connector Kit for MVB cable (X2 ON AX) AQ wiring system/ 3NSS002721-01,3NSS002721-01,,104,AQ Wiring Systems,Non-PAC,Nos,2436,18,11,26,-15,0,26,0,0,0,0,0,26,0,26,0,0,0,0,0,0,1,
359,,Non-Critical,onboard,"MVB Male Connector Kit for MVB cable (X10/DMI & X1/AX )
AQ wiring system/ 3NSS002722-01",3NSS002722-01,,208,Enics Eesti,Non-PAC,Nos,2340,18,21,21,0,0,21,0,0,0,0,0,21,0,21,0,0,0,0,0,0,1,
360,,Non-Critical,onboard,MVB pin for MVB male connector AQ wiring system/ 3EST 22-898,3EST22-898,,2080,AQ Wiring Systems,Non-PAC,Nos,629,18,208,208,0,0,208,0,0,0,0,0,208,0,208,0,0,0,0,0,0,1,
361,,Non-Critical,onboard,MVB SOCKET for MVB female connector AQ wiring system/ 3EST 22-897,3EST22-897,,104,AQ Wiring Systems,Non-PAC,Nos,1178,18,11,31,-20,0,31,0,0,0,0,0,31,0,31,0,0,0,0,0,0,1,
362,,Non-Critical,onboard,NPR connector adapter connector ,409P058H24,,104,Amay Enterprises,Non-PAC,Nos,11040,18,11,0,11,0,0,0,0,0,0,0,0,0,0,0,0,0,0,0,0,1,
363,,Non-Critical,onboard,Polyglass MDR mounting plate,100236273,,208,Plexus Manufacturing Sdn. Bhd,Non-PAC,,,,21,2,19,0,2,0,0,0,0,0,2,0,2,0,0,0,0,0,0,1,
364,50307012,Non-Critical,onboard,Power Cable 2X0.75mmsq(Loudspeaker),3EGM063913P0068,,884,152669     Huber+Suhner (Singapore) Pte.Ltd,Non-PAC,MTR,658,18,817,817,0,817,0,0,0,0,0,0,817,0,817,0,0,0,0,0,0,1,
365,,Non-Critical,onboard,Pull-up resistors,100240420,,520,Plexus Manufacturing Sdn. Bhd,Non-PAC,Nos,NA,NA,52,52,0,0,52,0,0,0,0,0,52,0,52,0,0,0,0,0,0,1,
366,,Non-Critical,onboard,Push button switch (illuminated PB actuator for flush mounting(green),100135380,,104,Distrelec B.V.,Non-PAC,Nos,NA,NA,11,11,0,0,11,0,0,0,0,0,11,0,11,0,0,0,0,0,0,1,
367,,Non-Critical,onboard,QC Contact for Q,409P257147,,NA,Plexus Manufacturing Sdn. Bhd,Non-PAC,Nos,NA,NA,479,479,0,0,479,0,0,0,0,0,479,0,479,0,0,0,0,0,0,1,
368,,Non-Critical,onboard,Ring terminal,8588C48H01,,NA,Plexus Manufacturing Sdn. Bhd,Non-PAC,Nos,NA,NA,344,344,0,0,344,0,0,0,0,0,344,0,344,0,0,0,0,0,0,1,
369,,Non-Critical,onboard,Ring Terminal M3,5627B82H05,,NA,Amay Enterprises,Non-PAC,Nos,3045,18,21,0,21,0,0,0,0,0,0,0,0,0,0,0,0,0,0,0,0,1,
370,,Non-Critical,onboard,Ring Terminal M4,5627B82H08,,NA,Amay Enterprises,Non-PAC,Nos,3045,18,21,0,21,0,0,0,0,0,0,0,0,0,0,0,0,0,0,0,0,1,
371,,Non-Critical,onboard,Ring terminal M6 [VM3],5627B82H14,,NA,Amay Enterprises,Non-PAC,Nos,3299,18,125,0,125,0,0,0,0,0,0,0,0,0,0,0,0,0,0,0,0,1,
372,,Non-Critical,onboard,Ring terminal M8,5627B82H20,,NA,Amay Enterprises,Non-PAC,Nos,3525,18,11,0,11,0,0,0,0,0,0,0,0,0,0,0,0,0,0,0,0,1,
373,,Non-Critical,onboard,Screw M3x5,100245952,,NA,Amay Enterprises,Non-PAC,Nos,27,18,11,11,0,0,11,0,0,0,0,0,11,0,11,0,0,0,0,0,0,1,
374,,Non-Critical,onboard,Screw M4x10,100245953,,NA,Amay Enterprises,Non-PAC,Nos,70,18,21,21,0,0,21,0,0,0,0,0,21,0,21,0,0,0,0,0,0,1,
375,,Non-Critical,onboard,Screw M5x10,100245954,,NA,Amay Enterprises,Non-PAC,Nos,70,18,11,11,0,0,11,0,0,0,0,0,11,0,11,0,0,0,0,0,0,1,
376,,Non-Critical,onboard,Screw M8x10,100245955,,NA,Amay Enterprises,Non-PAC,Nos,102,18,260,260,0,0,260,0,0,0,0,0,260,0,260,0,0,0,0,0,0,1,
377,,Non-Critical,onboard,Shield bushing for,409P278H13,,NA,Plexus Manufacturing Sdn. Bhd,Non-PAC,Nos,NA,NA,21,21,0,0,21,0,0,0,0,0,21,0,21,0,0,0,0,0,0,1,
378,,Non-Critical,onboard,Shield terminator,1C42587H6,,NA,,Non-PAC,Nos,NA,NA,63,63,0,0,63,0,0,0,0,0,63,0,63,0,0,0,0,0,0,1,
379,,Non-Critical,onboard,Shield terminator,1C42587H05,,NA,Plexus Manufacturing Sdn. Bhd,Non-PAC,Nos,NA,NA,21,21,0,0,21,0,0,0,0,0,21,0,21,0,0,0,0,0,0,1,
380,,Non-Critical,onboard,Socket for DIN-F (X4) Manufacturer: AQ wiring system/ 3EST17-477,3EST17-477,,104,AQ Wiring Systems,Non-PAC,Nos,1178,18,11,11,0,0,11,0,0,0,0,0,11,0,11,0,0,0,0,0,0,1,
381,,Non-Critical,onboard,Socket for DIN-MH(X3) Manufacturer: AQ Komponent/ 9ADA445-8,9ADA445-8,,104,AQ Wiring Systems,Non-PAC,Nos,1099,18,11,11,0,0,11,0,0,0,0,0,11,0,11,0,0,0,0,0,0,1,
382,,Non-Critical,onboard,Strain Relief Insert ,3EST000211-9685,,NA,Phoenix Contact India Pvt. Ltd.,Non-PAC,Nos,NA,NA,125,59,66,0,59,0,0,0,0,0,59,0,59,0,0,0,0,0,0,1,
383,,Non-Critical,onboard,"Strain Rif, Phoenix",404P223H15,,NA,HM TRADERS,Non-PAC,Nos,261,18,21,0,21,0,0,0,0,0,0,0,0,0,0,0,0,0,0,0,0,1,
384,,Non-Critical,onboard,Tachometer Termination box + connectors,100156774,,NA,HASLERRAIL AG,Non-PAC,Nos,NA,NA,21,20,1,0,16,0,0,0,0,0,16,0,16,0,0,0,0,0,0,1,
385,,Non-Critical,onboard,TERMINAL .164 STUD ,8588C48H09,,NA,"Masstron (Thailand) Co., Ltd.",Non-PAC,Nos,NA,NA,63,63,0,0,63,0,0,0,0,0,63,0,63,0,0,0,0,0,0,1,
386,,Non-Critical,onboard,TERMINAL .190 STUD ,8588C48H12,,NA,"Masstron (Thailand) Co., Ltd.",Non-PAC,Nos,NA,NA,156,156,0,0,156,0,0,0,0,0,156,0,156,0,0,0,0,0,0,1,
387,,Non-Critical,onboard,Terminal .250 STUD,8588C48H15,,NA,Plexus Manufacturing Sdn. Bhd,Non-PAC,Nos,NA,NA,11,11,0,0,11,0,0,0,0,0,11,0,11,0,0,0,0,0,0,1,
388,,Non-Critical,onboard,Terminal Block End Plate ,409P188140,,NA,WAGO Private Limited,Non-PAC,Nos,143,18,11,0,11,0,0,0,0,0,0,0,0,0,0,0,0,0,0,0,0,1,
389,,Non-Critical,onboard,Terminal Block End Stop ,404P784H22,,NA,WAGO Private Limited,Non-PAC,Nos,660,18,21,0,21,0,0,0,0,0,0,0,0,0,0,0,0,0,0,0,0,1,
390,,Non-Critical,onboard,"Terminal Block, 4 Cond ",409P188139,,NA,WAGO Private Limited,Non-PAC,Nos,283,18,312,0,312,0,0,0,0,0,0,0,0,0,0,0,0,0,0,0,0,1,
391,50405197,Non-Critical,onboard,Vehicle control unit (VCU-C) with all terminating connector,3EST000213-4083,,NA,Bombardier Transportation,Non-PAC,Nos,NA,NA,11,7,4,7,0,0,0,0,0,0,7,0,7,0,0,0,0,0,0,1,
392,,Non-Critical,onboard,Wago Bus Bar ,3EGH489003-8668,,NA,WAGO PRIVATE LIMITED,Non-PAC,Nos,1256,18,21,21,0,0,21,0,0,0,0,0,21,0,21,0,0,0,0,0,0,1,
393,,Non-Critical,onboard,Washer M3,100245957,,NA,"Amay Enterprises
",Non-PAC,Nos,15,18,11,11,0,0,11,0,0,0,0,0,11,0,11,0,0,0,0,0,0,1,
394,,Non-Critical,onboard,Washer M4,100245958,,NA,Amay Enterprises,Non-PAC,Nos,19,18,21,21,0,0,21,0,0,0,0,0,21,0,21,0,0,0,0,0,0,1,
395,,Non-Critical,onboard,Washer M5 ,100245959,,NA,Amay Enterprises,Non-PAC,Nos,39,18,11,11,0,0,11,0,0,0,0,0,11,0,11,0,0,0,0,0,0,1,
396,,Non-Critical,onboard,Washer M6,100245960,,NA,Amay Enterprises,Non-PAC,Nos,19,18,32,32,0,0,32,0,0,0,0,0,32,0,32,0,0,0,0,0,0,1,
397,,Non-Critical,onboard,Washer M8,100245961,,NA,Amay Enterprises,Non-PAC,Nos,25,18,94,94,0,0,94,0,0,0,0,0,94,0,94,0,0,0,0,0,0,1,
398,,Non-Critical,onboard,"Wire 0.5mm2, Length = 2m",100222084,,NA,Huber+Suhner (Singapore) Pte.Ltd.,Non-PAC,MTR,NA,NA,100,2490,-2390,0,2490,0,0,0,0,0,2490,0,2490,0,0,0,0,0,0,1,
399,50307008,Non-Critical,onboard,"Wire 1 mm2 (Grey) (Power, vehicle cicuit-VOU, VIU, MIO) Length = 105m",100135368,,NA,Huber+Suhner (Singapore) Pte.Ltd.,Non-PAC,MTR,NA,NA,2340,10286,-7946,10286,0,0,0,0,0,0,10286,0,10286,0,0,0,0,0,0,1,
400,,Non-Critical,onboard,Wire 1 mm2 Green/Yellow ,100225522,,NA,Huber+Suhner (Singapore) Pte.Ltd.,Non-PAC,MTR,NA,NA,11,11,0,0,11,0,0,0,0,0,11,0,11,0,0,0,0,0,0,1,
401,,Non-Critical,onboard,X3 connector for AX Manufacturer: AQ wiring system/ 3NSS002720-01,3NSS002720-01,,NA,AQ Wiring Systems,Non-PAC,Nos,17038,18,11,11,0,0,11,0,0,0,0,0,11,0,11,0,0,0,0,0,0,1,
402,,Non-Critical,onboard,X4 connector for AX Manufacturer: AQ wiring system/ 3NSS002719-01,3NSS002719-01,,NA,AQ Wiring Systems,Non-PAC,Nos,8724,18,11,11,0,0,11,0,0,0,0,0,11,0,11,0,0,0,0,0,0,1,
403,,Non-Critical,POINT MACHINE SPARE,ADJUSTABLE WASHER-1,4-41675/1,,NA,Bombardier Transportation,Non-PAC,Nos,11099,18,1,0,1,0,0,0,0,0,0,0,0,0,0,0,0,0,0,0,0,1,
404,,Non-Critical,POINT MACHINE SPARE,ADJUSTABLE WASHER-2,4-41675/2,,NA,Bombardier Transportation,Non-PAC,Nos,27748,18,1,0,1,0,0,0,0,0,0,0,0,0,0,0,0,0,0,0,0,1,
405,,Non-Critical,POINT MACHINE SPARE,ADJUSTABLE WASHER-3,4-41675/3,,NA,Bombardier Transportation,Non-PAC,Nos,6105,18,1,0,1,0,0,0,0,0,0,0,0,0,0,0,0,0,0,0,0,1,
406,,Non-Critical,POINT MACHINE SPARE,Bar cover (Type-2) Right,3-96228/1,,NA,Bombardier Transportation,Non-PAC,Nos,78804,18,2,2,0,0,2,0,0,0,0,0,2,0,2,0,0,0,0,0,0,1,
407,,Critical,POINT MACHINE SPARE,Bevel Gear unit for type-2(Left),100344857(3-96241/2),,NA,Bombardier Transportation,Non-PAC,Nos,NA,NA,2,2,0,0,2,0,0,0,0,0,2,0,2,0,0,0,0,0,0,1,
408,,Critical,POINT MACHINE SPARE,Bevel Gear unit for type-2(Right),100344856(3-96241/1),,NA,Bombardier Transportation,Non-PAC,Nos,NA,NA,2,2,0,0,2,0,0,0,0,0,2,0,2,0,0,0,0,0,0,1,
409,,,POINT MACHINE SPARE,BOLT,4-28361,,NA,Bombardier Transportation,Non-PAC,Nos,24973,18,1,0,1,0,0,0,0,0,0,0,0,0,0,0,0,0,0,0,0,1,
410,,Critical,POINT MACHINE SPARE,Clutch Gear Assembly,100294938,,104,CG POWER & INDUSTRIAL SOLUTIONS,Non-PAC,Nos,NA,NA,5,5,0,0,5,0,0,0,0,0,5,0,5,0,0,0,0,0,0,1,
411,,Critical,POINT MACHINE SPARE,Cotter pin (MOQ 100),65161406527,,85,"Bombardier Transportation
",Non-PAC,Nos,222,18,5,10,-5,0,10,0,0,0,0,0,10,0,10,0,0,0,0,0,0,1,
412,,Critical,POINT MACHINE SPARE,Crank handle CG,NA,,NA,,Non-PAC,Nos,NA,NA,2,2,0,0,2,0,0,0,0,0,2,0,2,0,0,0,0,0,0,1,
413,,Critical,POINT MACHINE SPARE,Detection contact unit ( Left & Right),100529542,,NA,CG POWER & INDUSTRIAL SOLUTIONS,Non-PAC,Nos,NA,NA,5,5,0,0,5,0,0,0,0,0,5,0,5,0,0,0,0,0,0,1,
414,,Non-Critical,POINT MACHINE SPARE,DIODE TERMINAL,3NSS004658-01,,85,WAGO Private Limited,Non-PAC,Nos,4648,18,25,0,25,0,0,0,0,0,0,0,0,0,0,0,0,0,0,0,0,1,
415,,Critical,POINT MACHINE SPARE,Drive Rod,"100529539
Vendor P.No.- C5Q-3460",,NA,CG POWER & INDUSTRIAL SOLUTIONS,Non-PAC,,NA,NA,4,4,0,0,4,0,0,0,0,0,4,0,4,0,0,0,0,0,0,1,
416,,Critical,POINT MACHINE SPARE,Eccentric Bush,4-25003,,85,Bombardier Transportation,Non-PAC,Nos,44152,18,4,0,4,0,0,0,0,0,0,0,0,0,0,0,0,0,0,0,0,1,
417,50057001,Critical,POINT MACHINE SPARE,EKT 1 (with keys),100250023,,14,HORIZON INDUSTRIAL PRODUCTS,Non-PAC,Nos,210000,18,2,2,0,2,0,0,0,0,0,0,2,0,2,0,0,0,0,0,0,1,
418,50057002,Critical,POINT MACHINE SPARE,EKT 10 ( WITH KEYS),100250023,,NA,"Satys Electric (Thailand) Co., Ltd.",Non-PAC,,210000,18,2,2,0,2,0,0,0,0,0,0,2,0,2,0,0,0,0,0,0,1,
419,50057003,Critical,POINT MACHINE SPARE,EKT 11 ( WITH KEYS),100250023,,NA,"Satys Electric (Thailand) Co., Ltd.",Non-PAC,,210000,18,2,2,0,2,0,0,0,0,0,0,2,0,2,0,0,0,0,0,0,1,
420,50057004,Critical,POINT MACHINE SPARE,EKT 12 ( WITH KEYS),100250023,,NA,"Satys Electric (Thailand) Co., Ltd.",Non-PAC,,210000,18,2,2,0,2,0,0,0,0,0,0,2,0,2,0,0,0,0,0,0,1,
421,50057005,Critical,POINT MACHINE SPARE,EKT 2 (with keys),100250023,,NA,"Satys Electric (Thailand) Co., Ltd.",Non-PAC,Nos,210000,18,2,2,0,2,0,0,0,0,0,0,2,0,2,0,0,0,0,0,0,1,
422,50057006,Critical,POINT MACHINE SPARE,EKT 3 ( WITH KEYS),100250023,,8,"Satys Electric (Thailand) Co., Ltd.",Non-PAC,,210000,18,2,2,0,2,0,0,0,0,0,0,2,0,2,0,0,0,0,0,0,1,
423,50057007,Critical,POINT MACHINE SPARE,EKT 4 ( WITH KEYS),100250023,,6,"Satys Electric (Thailand) Co., Ltd.",Non-PAC,,210000,18,2,2,0,2,0,0,0,0,0,0,2,0,2,0,0,0,0,0,0,1,
424,50057008,Critical,POINT MACHINE SPARE,EKT 5 ( WITH KEYS),100250023,,NA,"Satys Electric (Thailand) Co., Ltd.",Non-PAC,,210000,18,2,2,0,2,0,0,0,0,0,0,2,0,2,0,0,0,0,0,0,1,
425,50057009,Critical,POINT MACHINE SPARE,EKT 6 ( WITH KEYS),100250023,,NA,"Satys Electric (Thailand) Co., Ltd.",Non-PAC,,210000,18,2,2,0,2,0,0,0,0,0,0,2,0,2,0,0,0,0,0,0,1,
426,50057010,Critical,POINT MACHINE SPARE,EKT 7 ( WITH KEYS),100250023,,NA,"Satys Electric (Thailand) Co., Ltd.",Non-PAC,,210000,18,2,1,1,1,0,0,0,0,0,0,1,0,1,0,0,0,0,0,0,1,
427,50057011,Critical,POINT MACHINE SPARE,EKT 8 ( WITH KEYS),100250023,,NA,"Satys Electric (Thailand) Co., Ltd.",Non-PAC,,210000,18,2,2,0,2,0,0,0,0,0,0,2,0,2,0,0,0,0,0,0,1,
428,50057012,Critical,POINT MACHINE SPARE,EKT 9 ( WITH KEYS),100250023,,NA,"Satys Electric (Thailand) Co., Ltd.",Non-PAC,,210000,18,2,2,0,2,0,0,0,0,0,0,2,0,2,0,0,0,0,0,0,1,
429,,Critical,POINT MACHINE SPARE,EKT box of 1 key,100250024,,NA,HORIZON INDUSTRIAL PRODUCTS,Non-PAC,Nos,NA,NA,2,2,0,0,0,0,0,0,0,0,0,0,0,0,0,0,0,0,0,1,
430,50057013,Critical,POINT MACHINE SPARE,EKT box of 2 key,100250025,,NA,HORIZON INDUSTRIAL PRODUCTS,Non-PAC,Nos,47376,18,2,2,0,2,0,0,0,0,0,0,2,0,2,0,0,0,0,0,0,1,
431,50057015,Critical,POINT MACHINE SPARE,EKT box of 4 key,100250027,,NA,HORIZON INDUSTRIAL PRODUCTS,Non-PAC,Nos,70525,18,2,2,0,2,0,0,0,0,0,0,2,0,2,0,0,0,0,0,0,1,
432,50057014,Critical,POINT MACHINE SPARE,EKT BOX(3 KEY)TYPE-3,100250026,,NA,HORIZON INDUSTRIAL PRODUCTS,Non-PAC,Nos,65856,18,2,2,0,2,0,0,0,0,0,0,2,0,2,0,0,0,0,0,0,1,
433,,Critical,POINT MACHINE SPARE,External lock/Clamp lock,856021058,,104,CG POWER & INDUSTRIAL SOLUTIONS,Non-PAC,SET,108760,18,2,2,0,0,2,0,0,0,0,0,2,0,2,0,0,0,0,0,0,1,
434,,Critical,POINT MACHINE SPARE,Holding force clutch (Left),3-95672/1/T,,NA,Bombardier Transportation,Non-PAC,Nos,NA,NA,5,5,0,0,5,0,0,0,0,0,5,0,5,0,0,0,0,0,0,1,
435,,Critical,POINT MACHINE SPARE,Latching unit/crank contact unit (Type-1),3-94550,,NA,Bombardier Transportation,Non-PAC,Nos,NA,NA,2,2,0,0,2,0,0,0,0,0,2,0,2,0,0,0,0,0,0,1,
436,,Critical,POINT MACHINE SPARE,Latching unit/crank contact unit (Type-2),3-96240/1,,NA,Bombardier Transportation,Non-PAC,Nos,NA,NA,2,2,0,0,2,0,0,0,0,0,2,0,2,0,0,0,0,0,0,1,
437,,Critical,POINT MACHINE SPARE,Lock rod set long for external locking,"100529539
Vendor P.No.- C5Q-3458-59/1",,NA,CG POWER & INDUSTRIAL SOLUTIONS,Non-PAC,,NA,NA,4,4,0,0,0,0,0,0,0,0,0,0,0,0,0,0,0,0,0,1,
438,,Critical,POINT MACHINE SPARE,Lock rod set Short for external locking,"100529539
Vendor P.No.- C5Q-3456-57",,NA,CG POWER & INDUSTRIAL SOLUTIONS,Non-PAC,,NA,NA,4,4,0,0,0,0,0,0,0,0,0,0,0,0,0,0,0,0,0,1,
439,,Critical,POINT MACHINE SPARE,Motor unit (type-1),2-92714/1/T,,65,Bombardier Transportation,PAC,Nos,NA,NA,5,5,0,0,0,0,0,0,0,0,0,0,0,0,0,0,0,0,0,1,
440,,Critical,POINT MACHINE SPARE,Motor unit (type-2),3-96242/1/T,,20,Bombardier Transportation,PAC,Nos,NA,NA,5,5,0,0,0,0,0,0,0,0,0,0,0,0,0,0,0,0,0,1,
441,,Critical,POINT MACHINE SPARE,POINT MACHINE EEA5,100249211,,85,NA,Non-PAC,,NA,NA,11,2,9,0,0,0,0,0,0,0,0,0,0,0,0,0,0,0,0,1,
442,,Critical,POINT MACHINE SPARE,POINT MACHINE RDL2,100210972,,104,NA,Non-PAC,,NA,NA,11,0,11,0,0,0,0,0,0,0,0,0,0,0,0,0,0,0,0,1,
443,50055062,Critical,POINT MACHINE SPARE,PSU 321,3NSS004712-02,,42,Zollner Elektronik AG,Non-PAC,Nos,368712,18,5,3,2,0,0,1,1,1,0,0,3,0,3,0,1,0,0,1,0.333333333,1,
444,,,POINT MACHINE SPARE,Set accessories for changing of point machine,NA,,NA,,Non-PAC,Nos,NA,NA,11,11,0,0,0,0,0,0,0,0,0,0,0,0,0,0,0,0,0,1,
445,,Critical,POINT MACHINE SPARE,Slide Bars (For Detection) set RDL2,100529544,,NA,CG POWER & INDUSTRIAL SOLUTIONS,Non-PAC,,NA,NA,5,5,0,0,0,0,0,0,0,0,0,0,0,0,0,0,0,0,0,1,
446,,Critical,POINT MACHINE SPARE,Slide Bars (For Locking) set RDL2,100529543,,NA,CG POWER & INDUSTRIAL SOLUTIONS,Non-PAC,,NA,NA,5,5,0,0,0,0,0,0,0,0,0,0,0,0,0,0,0,0,0,1,
447,,Critical,POINT MACHINE SPARE,Sliding unit (Left) EEA5,100135333(1-92378/T),,NA,Bombardier Transportation,PAC,Nos,NA,NA,5,5,0,0,0,0,0,0,0,0,0,0,0,0,0,0,0,0,0,1,
448,,Non-Critical,POINT MACHINE SPARE,"Voltage cut off switch (crank handle cut out terminal),Key",NA,,NA,,Non-PAC,Nos,NA,NA,0,0,0,0,0,0,0,0,0,0,0,0,0,0,0,0,0,0,0,1,
449,,Non-Critical,POINT MACHINE SPARE,Wedge,Z4-25020,,NA,Bombardier Transportation,PAC,Nos,11833,18,4,0,4,0,0,0,0,0,0,0,0,0,0,0,0,0,0,0,0,1,
450,,Non-Critical,POWER DISTRIBUTION CUBICLE SPARE,2-conductor fuse terminal block,100442464,,NA, Pyrotech Electronics Pvt.Ltd,Non-PAC,Nos,NA,NA,138,138,0,0,138,0,0,0,0,0,138,0,138,0,0,0,0,0,0,1,
451,,Non-Critical,POWER DISTRIBUTION CUBICLE SPARE,Bus Bar Support,100532121,,NA, Pyrotech Electronics Pvt.Ltd,Non-PAC,Nos,NA,NA,18,18,0,0,18,0,0,0,0,0,18,0,18,0,0,0,0,0,0,1,
452,,Non-Critical,POWER DISTRIBUTION CUBICLE SPARE,Digital Ammeter,100302659,,NA,HM TRADERS,Non-PAC,Nos,NA,NA,5,5,0,0,5,0,0,0,0,0,5,0,5,0,0,0,0,0,0,1,
453,,Non-Critical,POWER DISTRIBUTION CUBICLE SPARE,Digital Voltmeter,100303009,,NA,HM TRADERS,Non-PAC,Nos,NA,NA,5,5,0,0,5,0,0,0,0,0,5,0,5,0,0,0,0,0,0,1,
454,,Non-Critical,POWER DISTRIBUTION CUBICLE SPARE,Nutral link terminal,100532134,,NA, Pyrotech Electronics Pvt.Ltd,Non-PAC,Nos,NA,NA,5,5,0,0,5,0,0,0,0,0,5,0,5,0,0,0,0,0,0,1,
455,,Non-Critical,POWER DISTRIBUTION CUBICLE SPARE OR OBJECT CONTROLLER CABINET SPARE,WAGO ( Fan power terminal block),3NSS008740-01,,NA,WAGO Private Limited,Non-PAC,Nos,1236,18,307,307,0,0,253,18,18,18,0,0,307,0,307,0,0,0,0,0,0,1,
456,,Non-Critical,PSDIC CABINET,Earth Bus bar,100246305,,NA,HM TRADERS,Non-PAC,SET,13945,18,5,5,0,0,2,1,1,1,0,0,5,0,5,0,0,0,0,0,0,1,
457,50207002,Non-Critical,PSDIC CABINET,PSDIC  CUBICLE/CABINET,100299720,,40,,Non-PAC,Nos,278600,18,3,3,0,2,1,0,0,0,0,0,3,0,3,0,0,0,0,0,0,1,
458,,Non-Critical,PSDIC CABINET,End Plate for disconnection terminal WA2002-1811,100163286,,NA,WAGO PRIVATE LIMITED,Non-PAC,Nos,133,18,17,17,0,0,17,0,0,0,0,0,17,0,17,0,0,0,0,0,0,1,
459,,Non-Critical,PSDIC CABINET,End Plate for disconnection terminal WA2002-1871,100200950,,NA,"WAGO PRIVATE LIMITED
",Non-PAC,Nos,132,18,105,105,0,0,105,0,0,0,0,0,105,0,105,0,0,0,0,0,0,1,
460,,Non-Critical,PSDIC CABINET,End Plate for P.E. terminal WA2006-1207,100167081,,NA,WAGO PRIVATE LIMITED,Non-PAC,Nos,133,18,30,30,0,0,30,0,0,0,0,0,30,0,30,0,0,0,0,0,0,1,
461,,Non-Critical,PSDIC CABINET,FAN Unit,100442873,,NA,Rittal India Pvt. Ltd.,Non-PAC,Nos,NA,NA,5,5,0,0,5,0,0,0,0,0,5,0,5,0,0,0,0,0,0,1,
462,,Critical,PSDIC CABINET,JRF Relay bombardier JRF51103 (6NO/2NC),JRF-51103,,252,Bombardier Transportation,PAC,Nos,NA,NA,26,26,0,0,26,0,0,0,0,0,26,0,26,0,0,0,0,0,0,1,
463,,Critical,PSDIC CABINET,JRF Relay bombardier JRF51105 (4NO/4NC),JRF-51105,,84,Bombardier Transportation,PAC,Nos,NA,NA,9,9,0,0,9,0,0,0,0,0,9,0,9,0,0,0,0,0,0,1,
464,,Non-Critical,PSDIC CABINET,Label,404P422H12,,NA,WAGO Private Limited,Non-PAC,Nos,370,18,89,0,89,0,0,0,0,0,0,0,0,0,0,0,0,0,0,0,0,1,
465,,Non-Critical,PSDIC CABINET,Mounting clips for Moxa Mgate MB3280,100302826,,NA,Moxa Inc.,Non-PAC,Nos,1678,18,9,9,0,0,9,0,0,0,0,0,9,0,9,0,0,0,0,0,0,1,
466,,Non-Critical,PSDIC CABINET,P.E. Terminal,100156767,,NA,WAGO PRIVATE LIMITED,Non-PAC,Nos,755,18,47,47,0,0,47,0,0,0,0,0,47,0,47,0,0,0,0,0,0,1,
467,,Non-Critical,PSDIC CABINET,Push- in type jumper bar,100136243,,NA,"WAGO PRIVATE LIMITED
",Non-PAC,Nos,103,18,9,9,0,0,9,0,0,0,0,0,9,0,9,0,0,0,0,0,0,1,
468,,Non-Critical,PSDIC CABINET,Push- in type jumper bar,100178482,,NA,WAGO PRIVATE LIMITED,Non-PAC,Nos,643,18,9,9,0,0,9,0,0,0,0,0,9,0,9,0,0,0,0,0,0,1,
469,,Non-Critical,PSDIC CABINET,Push- in type jumper bar,100178487,,NA,WAGO PRIVATE LIMITED,Non-PAC,Nos,97,18,5,5,0,0,5,0,0,0,0,0,5,0,5,0,0,0,0,0,0,1,
470,,Non-Critical,PSDIC CABINET,Push- in type jumper bar,100178494,,NA,"WAGO PRIVATE LIMITED
",Non-PAC,Nos,550,18,5,5,0,0,5,0,0,0,0,0,5,0,5,0,0,0,0,0,0,1,
471,,Non-Critical,PSDIC CABINET,Push- in type jumper bar,100253941,,NA,WAGO PRIVATE LIMITED,Non-PAC,Nos,228,18,5,5,0,0,5,0,0,0,0,0,5,0,5,0,0,0,0,0,0,1,
472,,Non-Critical,PSDIC CABINET,Redundancy module,100251205,,42,"WAGO PRIVATE LIMITED
",Non-PAC,Nos,65090,18,5,5,0,0,2,1,1,1,0,0,5,0,5,0,0,0,0,0,0,1,
473,,Critical,PSDIC CABINET,Relay type Finder,100247800,,420,RS COMPONENTS & CONTROLS (INDIA),Non-PAC,Nos,46483,18,42,42,0,0,30,4,4,4,0,0,42,0,42,0,0,0,0,0,0,1,
474,,Non-Critical,PSDIC CABINET,Socket Relay JAZ,JAZ-20101/1,,42,Bombardier Transportation,PAC,Nos,20133,18,5,5,0,0,0,0,0,0,0,0,5,0,5,0,0,0,0,0,0,1,
475,,Non-Critical,PSDIC CABINET,Thermostate ,100442872,,42,Rittal India Pvt. Ltd.,Non-PAC,Nos,85388,18,5,5,0,0,5,0,0,0,0,0,5,0,5,0,0,0,0,0,0,1,
476,,Non-Critical,PSDIC CABINET,WAGO 750-1415 8DI 24V DC,100251207,,NA,WAGO PRIVATE LIMITED,Non-PAC,Nos,32330,18,17,17,0,0,17,0,0,0,0,0,17,0,17,0,0,0,0,0,0,1,
477,,Non-Critical,PSDIC CABINET,WAGO 750-1515 8DO 24V DC,100251210,,NA,WAGO PRIVATE LIMITED,Non-PAC,Nos,44306,18,17,15,2,0,15,0,0,0,0,0,15,0,15,0,0,0,0,0,0,1,
478,,Non-Critical,PSDIC CABINET,WAGO 750-421 2DI 24V DC 3.0MS/ DIAGN.,100251206,,NA,WAGO PRIVATE LIMITED,Non-PAC,Nos,44676,18,17,17,0,0,17,0,0,0,0,0,17,0,17,0,0,0,0,0,0,1,
479,,Non-Critical,PSDIC CABINET,WAGO 750-531 4DO 24V DC,100251208,,NA,WAGO PRIVATE LIMITED,Non-PAC,Nos,26178,18,9,9,0,0,9,0,0,0,0,0,9,0,9,0,0,0,0,0,0,1,
480,,Non-Critical,PSDIC CABINET,WAGO 750-600 End module,100245122,,NA,WAGO PRIVATE LIMITED,Non-PAC,Nos,7976,18,9,9,0,0,9,0,0,0,0,0,9,0,9,0,0,0,0,0,0,1,
481,,Non-Critical,PSDIC CABINET,WAGO 787-1022 COMPACT Power supply 24 VDC 4A,100245118,,84,"WAGO PRIVATE LIMITED
",Non-PAC,Nos,41134,18,9,9,0,0,9,0,0,0,0,0,9,0,9,0,0,0,0,0,0,1,
482,,Non-Critical,PSDIC CABINET OR Miscellaneous Spare,Disconnection terminal,100149128,,NA,WAGO PRIVATE LIMITED,Non-PAC,Nos,132,18,1642,1642,0,0,1642,0,0,0,0,0,1642,0,1642,0,0,0,0,0,0,1,
483,,Non-Critical,PSDIC CABINET OR Miscellaneous Spare,FUSED Disconnection Terminal,100251211,,NA,"WAGO PRIVATE LIMITED
",Non-PAC,Nos,1362,18,84,84,0,0,84,0,0,0,0,0,84,0,84,0,0,0,0,0,0,1,
484,,Non-Critical,PSDIC CABINET OR Miscellaneous Spare,Power supply  24DC,100251209,,84,WAGO Private Limited,Non-PAC,Nos,NA,NA,9,9,0,0,9,0,0,0,0,0,9,0,9,0,0,0,0,0,0,1,
485,,Non-Critical,PSDIC CABINET OR Miscellaneous Spare OR OBJECT CONTROLLER CABINET SPARE,Marking Carrier,3NSS001234-04,,NA,WAGO Private Limited,Non-PAC,Nos,99,18,136,136,0,0,136,0,0,0,0,0,136,0,136,0,0,0,0,0,0,1,
486,,Non-Critical,PSDIC CABINET OR Miscellaneous Spare OR OBJECT CONTROLLER CABINET SPARE,Screwless END Stop (6mm wide),3NSS001234-03,,NA,WAGO Private Limited,Non-PAC,Nos,136,18,196,196,0,0,196,0,0,0,0,0,196,0,196,0,0,0,0,0,0,1,
487,,Non-Critical,RATC CABINET,power distribution unit,100289023,,NA,Plexus Manufacturing Sdn. Bhd,Non-PAC,Nos,NA,NA,4,4,0,0,4,0,0,0,0,0,4,0,4,0,0,0,0,0,0,1,
488,,Non-Critical,RATC CABINET,WAGO connector,100172912,,NA,WAGO PRIVATE LIMITED,Non-PAC,Nos,12775,18,12,12,0,0,12,0,0,0,0,0,12,0,12,0,0,0,0,0,0,1,
489,,Critical,RATC CABINET OR CBI CABINET and IXL SPARE OR OBJECT CONTROLLER CABINET SPARE OR DTS core/master cabinet Assembly (one Each IXL station x 7+2),Fiber Patch Cords Duplex 40 mtr.,100278842,,NA,HM TRADERS,Non-PAC,Nos,31608,18,17,8,9,0,8,1,1,1,0,0,11,5,16,0,0,0,0,0,0,1,
490,,Non-Critical,SIGNAL,Signal Pole ( of 1500 mm height and 141 mm Dia) alongwith its pole base,100312116,,NA, JYOTI CONTROLS & SWITCHGEAR,Non-PAC,Nos,NA,NA,2,2,0,0,0,0,0,0,0,0,0,0,0,0,0,0,0,0,0,1,
491,,Non-Critical,SIGNAL,Signal Pole ( of 2200 mm height and 141 mm Dia) alongwith its pole base,100250018,,NA, JYOTI CONTROLS & SWITCHGEAR,Non-PAC,Nos,NA,NA,2,2,0,0,0,0,0,0,0,0,0,0,0,0,0,0,0,0,0,1,
492,,Non-Critical,SIGNAL,Signal Pole ( of 2550 mm height and 141 mm Dia) alongwith its pole base,100312119,,NA, JYOTI CONTROLS & SWITCHGEAR,Non-PAC,Nos,NA,NA,2,2,0,0,0,0,0,0,0,0,0,0,0,0,0,0,0,0,0,1,
493,,Non-Critical,SIGNAL,Signal Pole ( of 2800 mm height and 141 mm Dia) alongwith its pole base,100312046,,NA, JYOTI CONTROLS & SWITCHGEAR,Non-PAC,Nos,NA,NA,2,2,0,0,0,0,0,0,0,0,0,0,0,0,0,0,0,0,0,1,
494,,Non-Critical,SIGNAL,Signal Pole ( of 2900 mm height and 88.90 mm Dia) alongwith its pole base,100312121,,NA, JYOTI CONTROLS & SWITCHGEAR,Non-PAC,Nos,NA,NA,3,3,0,0,0,0,0,0,0,0,0,0,0,0,0,0,0,0,0,1,
495,,Non-Critical,SIGNAL,Signal Pole ( of 3360 mm height and 141 mm Dia) alongwith its pole base,100312123,,NA, JYOTI CONTROLS & SWITCHGEAR,Non-PAC,Nos,NA,NA,3,3,0,0,0,0,0,0,0,0,0,0,0,0,0,0,0,0,0,1,
496,,Non-Critical,SIGNAL,Signal Pole ( of 804 mm height and 141 mm Dia) alongwith its pole base,100312034,,NA, JYOTI CONTROLS & SWITCHGEAR,Non-PAC,Nos,NA,NA,3,3,0,0,0,0,0,0,0,0,0,0,0,0,0,0,0,0,0,1,
497,,Critical,Way side objects,NORMING POINT,NA,NP TAG,1608,NA,Non-PAC,Nos,NA,NA,242,0,242,0,0,0,0,0,0,0,0,0,0,0,0,0,0,0,0,1,
498,,Non-Critical,Way side objects,Norming point bracket Depot type with accessaries,100274700,,NA, JYOTI CONTROLS & SWITCHGEAR,Non-PAC,SET,37806,18,1,0,1,0,0,0,0,0,0,0,0,0,0,0,0,0,0,0,0,1,
499,,Non-Critical,Way side objects,Norming point bracket elevated viaduct type with accessaries,100274698,,NA, JYOTI CONTROLS & SWITCHGEAR,Non-PAC,SET,9297,18,1,0,1,0,0,0,0,0,0,0,0,0,0,0,0,0,0,0,0,1,
500,,Non-Critical,Way side objects,Norming point bracket tunnel type with accessaries,100274699,,NA, JYOTI CONTROLS & SWITCHGEAR,Non-PAC,SET,9297,18,1,1,0,0,0,0,0,0,0,0,0,0,0,0,0,0,0,0,0,1,
501,,Critical,Way side objects,RATO Card/Board,3017828G01,RATO Board,20,Bombardier Transportation,PAC,Nos,NA,NA,2,0,2,0,0,0,0,0,0,0,0,0,0,0,2,0,0,2,0.666666667,1,
502,,Non-Critical,"WNRA Assembly (315, 206 Ele, 109 UG)",4CX 1.50 sqmm (ABC) XLPE ARMD FRLS PVC Cable,100263940,,NA,CORDS CABLE INDUSTRIES LIMITED,Non-PAC,MTR,NA,NA,1000,1059,-59,0,1059,0,0,0,0,0,1059,0,1059,0,0,0,0,0,0,1,
503,50355146,Critical,"WNRA Assembly (315, 206 Ele, 109 UG)",ANTENNA HELICAL 40 Degree,100248677,,338,Antenna Products Corp.,Non-PAC,Nos,224848,18,34,34,0,31,0,1,1,1,0,0,34,0,34,0,0,0,0,0,0,1,
504,50355147,Critical,"WNRA Assembly (315, 206 Ele, 109 UG)",ANTENNA HELICAL 65 Degree,100248678,,82,Antenna Products Corp.,Non-PAC,Nos,221701,18,9,13,-4,10,0,1,1,1,0,0,13,0,13,0,0,0,0,0,0,1,
505,,Non-Critical,"WNRA Assembly (315, 206 Ele, 109 UG)",Antenna mounting bracket tunnel,100261906,,NA, JYOTI CONTROLS & SWITCHGEAR,Non-PAC,SET,10249,18,3,3,0,0,3,0,0,0,0,0,3,0,3,0,0,0,0,0,0,1,
506,,Non-Critical,"WNRA Assembly (315, 206 Ele, 109 UG)",Cable from Diag to JNIOR aux serial,100239199,,NA,Plexus Manufacturing Sdn. Bhd,Non-PAC,Nos,NA,NA,32,32,0,0,32,0,0,0,0,0,32,0,32,0,0,0,0,0,0,1,
507,,Non-Critical,"WNRA Assembly (315, 206 Ele, 109 UG)",Cable sw port 4 to JNIOR,409P191146,,NA,Plexus Manufacturing Sdn. Bhd,Non-PAC,Nos,NA,NA,32,32,0,0,32,0,0,0,0,0,32,0,32,0,0,0,0,0,0,1,
508,,Critical,"WNRA Assembly (315, 206 Ele, 109 UG)",JNIOR Ethernet network I/O resourse,100239198,,315,Plexus Manufacturing Sdn. Bhd,Non-PAC,Nos,NA,NA,32,32,0,0,32,0,0,0,0,0,32,0,32,0,0,0,0,0,0,1,
509,,Critical,"WNRA Assembly (315, 206 Ele, 109 UG)",LCX Antenna ( Onboard),100239319,,204,Antenna Products Corp.,PAC,Nos,NA,NA,21,20,1,0,20,0,0,0,0,0,20,0,20,0,0,0,0,0,0,1,
510,,Critical,"WNRA Assembly (315, 206 Ele, 109 UG)",LOS WNRA,NA,,NA,NA,Non-PAC,,NA,NA,21,0,21,0,0,0,0,0,0,0,0,0,0,0,0,0,0,0,0,1,
511,50255192,Critical,"WNRA Assembly (315, 206 Ele, 109 UG)",MOXA Radio Assy ( TAP-6226),100241128,MOXA TAP,317,Moxa Inc.,PAC,Nos,1609384,18,53,53,0,50,2,1,1,1,0,0,55,0,55,0,0,0,0,0,0,1,
512,,Non-Critical,"WNRA Assembly (315, 206 Ele, 109 UG)","POLE STRAP UCN8-KT-BND
(SS HOSE CLAMPS - 180 MM)","409P191247
100291057",,NA, INDUSTRIAL TRADE LINKERS,Non-PAC,Nos,1378,18,3,27,-24,0,27,0,0,0,0,0,27,0,27,0,0,0,0,0,0,1,
513,,Non-Critical,"WNRA Assembly (315, 206 Ele, 109 UG)",Power cable BDR to PDs,404P107H9,,NA,Plexus Manufacturing Sdn. Bhd,Non-PAC,Nos,NA,NA,32,32,0,0,32,0,0,0,0,0,32,0,32,0,0,0,0,0,0,1,
514,,Critical,"WNRA Assembly (315, 206 Ele, 109 UG)",RS 20 SWITCH HRISHMAN,409P199209,,315,"Masstron (Thailand) Co., Ltd.",PAC,Nos,547105,18,32,32,0,0,29,1,1,1,0,0,32,0,32,0,1,0,0,1,0.333333333,1,
515,,Non-Critical,"WNRA Assembly (315, 206 Ele, 109 UG)",Solid state Relay 500W 24V DC,404P117122,,630,Phoenix Contact India Pvt. Ltd.,Non-PAC,Nos,8395,18,63,0,63,0,0,0,0,0,0,0,0,0,0,0,0,0,0,0,0,1,
516,,Non-Critical,"WNRA Assembly (315, 206 Ele, 109 UG)",splice wheather prrofing tape,404P736H09,,NA,COMMSCOPE AUSTRALIA PTY LTD,Non-PAC,Nos,10570,18,5,0,5,0,0,0,0,0,0,0,0,0,0,0,0,0,0,0,0,1,
517,,Non-Critical,"WNRA Assembly (315, 206 Ele, 109 UG)",SS HOSE CLAMPS - 180 MM,100291057,,NA, INDUSTRIAL TRADE LINKERS,Non-PAC,Nos,NA,NA,3,3,0,0,3,0,0,0,0,0,3,0,3,0,0,0,0,0,0,1,
518,,Non-Critical,"WNRA Assembly (315, 206 Ele, 109 UG)",Surge Filter 20A 230 V,409P982131,,NA,Phoenix Contact India Pvt. Ltd.,Non-PAC,Nos,109982,18,32,0,32,0,0,0,0,0,0,0,0,0,0,0,0,0,0,0,0,1,
519,,Non-Critical,"WNRA Assembly (315, 206 Ele, 109 UG)",terminal block Blue 26-10,404P452104,,NA,Phoenix Contact India Pvt. Ltd.,Non-PAC,Nos,211,18,63,0,63,0,0,0,0,0,0,0,0,0,0,0,0,0,0,0,0,1,
520,,Non-Critical,"WNRA Assembly (315, 206 Ele, 109 UG)",Terminal Block Green yellow ut 4 26-10,404P452105,,NA,Phoenix Contact India Pvt. Ltd.,Non-PAC,Nos,1380,18,95,0,95,0,0,0,0,0,0,0,0,0,0,0,0,0,0,0,0,1,
521,,Non-Critical,"WNRA Assembly (315, 206 Ele, 109 UG)",Terminal block Grey 26-10,404P452106,,NA,Phoenix Contact India Pvt. Ltd.,Non-PAC,Nos,163,18,63,63,0,0,63,0,0,0,0,0,63,0,63,0,0,0,0,0,0,1,
522,,Non-Critical,"WNRA Assembly (315, 206 Ele, 109 UG)",Terminal Block Grey 9 POS,404P452108,,NA,Phoenix Contact India Pvt. Ltd.,Non-PAC,Nos,14425,18,32,0,32,0,0,0,0,0,0,0,0,0,0,0,0,0,0,0,0,1,
523,50907009,Non-Critical,"WNRA Assembly (315, 206 Ele, 109 UG)",weather prrofing kit 1/2 coaxial,409P223H42,,NA,COMMSCOPE AUSTRALIA PTY LTD,Non-PAC,Nos,6694,18,5,320,-315,318,2,0,0,0,0,0,320,0,320,0,0,0,0,0,0,1,
524,50907008,Non-Critical,"WNRA Assembly (315, 206 Ele, 109 UG)",weather prrofing kit 1-1/4 RCT,409P223H41,,NA,COMMSCOPE AUSTRALIA PTY LTD,Non-PAC,Nos,17784,18,5,0,5,0,0,0,0,0,0,0,0,0,0,0,0,0,0,0,0,1,
525,,Critical,"WNRA Assembly (315, 206 Ele, 109 UG)",WNRA,NA,,NA,NA,Non-PAC,,NA,NA,1,1,0,0,0,0,1,,0,0,1,0,1,0,0,0,0,0,0,1,
526,,Critical,"WNRA Assembly (315, 206 Ele, 109 UG)",WNRA 2 PORT (REFER OM_WNRA_DL7_1.0-100241467),100226180G01,,NA,Plexus Manufacturing Sdn. Bhd,Non-PAC,Nos,NA,NA,0,1,-1,0,1,0,0,0,0,0,1,0,1,0,0,0,0,0,0,1,
527,,Non-Critical,"WNRA Assembly (315, 206 Ele, 109 UG) or CCTV Assembly (525 ele 306, ug 219)","FSJ4 Connector,N type male,Right-angle(no solder required)",409P987H61,,NA, INDUSTRIAL TRADE LINKERS,Non-PAC,Nos,14549,18,231,231,0,0,225,2,2,2,0,0,231,0,231,0,0,0,0,0,0,1,
528,,Non-Critical,"WNRA Assembly (315, 206 Ele, 109 UG) or CCTV Assembly (525 ele 306, ug 219)",Fuse disconnection terminal for WNRA & CCTV for 6.3A Fuse,3NGG012055,,NA,Phoenix Contact India Pvt. Ltd.,Non-PAC,Nos,413,18,100,100,0,0,25,25,25,25,0,0,100,0,100,0,0,0,0,0,0,1,
529,,Critical,"WNRA Assembly (315, 206 Ele, 109 UG) or CCTV Assembly (525 ele 306, ug 219)",BDR ( SPREAD SPECTRUM AFAR 2.4 gHZ),409P191269,,315, AFAR COMMUNICATIONS,PAC,Nos,NA,NA,32,0,0,0,0,0,0,0,0,0,0,0,0,0,0,0,0,0,0,1,
530,,Critical,SIGNAL,EEPROM for Signal,100244296,,NA,Zollner Elektronik AG,PAC,Nos,NA,NA,0,0,0,0,0,0,0,0,0,0,0,0,0,0,0,0,0,0,0,1,
531,,Critical,POINT MACHINE SPARE,EEPROM for Point,3NSS006946-04,,NA,Zollner Elektronik AG,PAC,Nos,NA,NA,0,0,0,0,0,0,0,0,0,0,0,0,0,0,0,0,0,0,0,1,
532,,Critical,CCM,EEPROM for CCM ( VIOBV),3NSS006946-05,,NA,Zollner Elektronik AG,PAC,Nos,NA,NA,0,0,0,0,0,0,0,0,0,0,0,0,0,0,0,0,0,0,0,1,
533,,Critical,OBC/OCS CABINET,Connection cable OCT communication next rack,3NSS002775-0010,,NA,Zollner Elektronik AG,PAC,Nos,NA,NA,0,0,0,0,0,0,0,0,0,0,0,0,0,0,0,0,0,0,0,1,
534,,Critical,AXLE COUNTER SPARE,Identifier(Outdoor) ELH,MER-223601,,700,Bombardier Transportation,PAC,Nos,NA,NA,0,0,0,0,0,0,0,0,0,0,0,0,0,0,0,0,0,0,0,1,
535,,Critical,AXLE COUNTER SPARE,Identifier(Indoor) ACE,MER-223602,ACE Card identifier,70,Bombardier Transportation,PAC,Nos,NA,NA,0,0,0,0,0,0,0,0,0,0,0,0,0,0,0,0,0,0,0,1,
536,,Critical,ATS SPARE,Hirschmann 4000 Switch SMPS,409P197142,,9,"Masstron (Thailand) Co., Ltd.",Non-PAC,Nos,NA,NA,0,0,0,0,0,0,0,0,0,0,0,0,0,0,0,0,0,0,0,1,
537,,Critical,PSDIC CABINET,MOXA M Gate ( RS485/232 to Ethernet converter),100299771,,42,Moxa Inc.,Non-PAC,Nos,NA,NA,0,0,0,0,0,0,0,0,0,0,0,0,0,0,0,0,0,0,0,1,
538,,Critical,onboard,QNC 11 Relay,409P258H04,,204,siemens,Non-PAC,Nos,NA,NA,0,0,0,0,0,0,0,0,0,0,0,0,0,0,0,0,0,0,0,1,
539,,Critical,onboard,QNC 11 Relay Plugboard,409P258H05,,204,siemens,Non-PAC,Nos,NA,NA,0,0,0,0,0,0,0,0,0,0,0,0,0,0,0,0,0,0,0,1,
540,,Critical,onboard,QNC 10 Relay,100216716,,102,siemens,Non-PAC,Nos,NA,NA,0,0,0,0,0,0,0,0,0,0,0,0,0,0,0,0,0,0,0,1,
541,,Critical,onboard,QNC 10 Relay Plugboard,100216717,,102,siemens,Non-PAC,Nos,NA,NA,0,0,0,0,0,0,0,0,0,0,0,0,0,0,0,0,0,0,0,1,
542,,Critical,onboard,BG Relay,3NSS006275-15,,306,Mors smitt,Non-PAC,Nos,NA,NA,0,0,0,0,0,0,0,0,0,0,0,0,0,0,0,0,0,0,0,1,
543,,Critical,OBC,0.2A FUSE,100527337,,NA,HM TRADERS,,,NA,NA,0,0,0,0,0,0,0,0,0,0,0,0,0,0,0,0,0,0,0,1,
,,,,,,,,,,,,,,,,,,,,,,,,,,,,,,,,,
,,,,,,,,,,,,,,,,,,,,,,,,,,,,,,,,,
,,,,,,,,,,,,,,,,,,,,,,,,,,,,,,,,,
,,,,,,,,,,,,,,,,,,,,,,,,,,,,,,,,,
,,,,,,,,,,,,,,,,,,,,,,,,,,,,,,,,,
,,,,,,,,,,,,,,,,,,,,,,,,,,,,,,,,,
,,,Under procurement,,,,,,,,,,,,,,,,,,,,,,,,,,,,,,
,,,CAMC/CRITICAL SPARE,,,,,,,,,,,,,,,,,,,,,,,,,,,,,,
,,,Having failures but not included in above 2 categories,,,,,,,,,,,,,,,,,,,,,,,,,,,,,,
,,,Item included in both procurement & CAMC,,,,,,,,,,,,,,,,,,,,,,,,,,,,,,
